"","dutyName.x","hpid","score_overall","score_raw","score_binary","criterion"
"1","의료법인강릉동인병원","A2200005",105.889498016235,120.135202272245,106.608670666041,2
"2","강릉아산병원","A2200008",124.940725364059,126.680586527843,124.786004532103,3
"3","강원도삼척의료원","A2200007",89.8932125534735,111.184399499752,90.6391528378107,2
"4","강원도속초의료원","A2200012",81.0558635316985,107.257390983565,81.8165919322763,1
"5","의료법인보광의료재단속초보광병원","A2200046",82.6928344398027,83.3853809289201,82.6088097770685,1
"6","강원도원주의료원","A2200015",87.7318940092014,77.823091425416,87.6394371573036,2
"7","의료법인성지의료재단성지병원","A2200024",82.364162799942,83.1547351185887,82.2806881250382,1
"8","연세대학교 원주세브란스기독병원","A2200001",134.394756604707,135.589581216848,134.224215721672,1
"9","강원대학교병원","A2200009",128.05493374489,128.865986874044,127.89500170362,3
"10","한림대학교춘천성심병원","A2200013",107.111081082564,118.717835743377,106.986195764801,2
"11","근로복지공단태백병원","A2200004",78.2786179293253,82.5623122071863,78.2019798648467,2
"12","홍천아산병원","A2200014",85.3674514769708,89.8115259101351,85.2789512019746,1
"13","횡성대성병원","A2200016",82.8563573664404,88.0493618968746,82.7720590700587,1
"14","의료법인명지의료재단명지병원","A2100042",127.419324287205,119.321489971479,127.260455852965,3
"15","동국대학교일산불교병원","A2100047",130.953202227751,128.625236820911,130.788420323574,2
"16","국민건강보험공단일산병원","A2100033",108.07807270511,85.2772097085243,107.951569256788,2
"17","인제대학교일산백병원","A2100038",129.757754689079,136.884786762835,130.436987018177,2
"18","광명성애병원","A2100007",105.067563759153,99.0868803859342,104.946097993073,2
"19","참조은병원","A2100155",82.7337692390137,103.885635288305,83.4916898898264,2
"20","한양대학교구리병원","A2100039",117.98563547813,108.152156358045,117.842553054643,3
"21","효산의료재단지샘병원","A2100054",96.1745666070448,97.3954349677521,96.0679820768748,2
"22","원광대학교산본병원","A2100048",96.5351912017106,115.845417858915,97.2700170271669,3
"23","의료법인우리의료재단김포우리병원","A2100053",98.3116144965181,103.444340002947,98.2014539038294,3
"24","의료법인인봉의료재단뉴고려병원","A2100006",98.3334666870644,112.558131833769,98.2232695276709,3
"25","남양주한양병원","A2100041",98.8673691241292,115.207412916101,99.5982923631735,2
"26","현대병원","A2100037",91.6546425429355,87.3997287898858,91.5556214984097,1
"27","가톨릭대학교부천성모병원","A2100052",101.925746552259,99.1567197610612,101.809538195153,1
"28","순천향대학교부속부천병원","A2100005",102.336718437706,97.170505634763,102.219822374367,3
"29","의료법인대인의료재단다니엘종합병원","A2100050",87.1733309612774,93.3534187703148,87.0818087895942,3
"30","의료법인혜원의료재단세종병원","A2100055",111.150345925038,128.376238600171,111.860715252693,3
"31","분당서울대학교병원","A2100001",132.838187379973,43.5126862194778,132.670251206402,2
"32","대진의료재단분당제생병원","A2100025",122.562545108701,127.286309265346,122.411803841881,3
"33","차의과학대학교분당차병원","A2100030",130.477644521857,105.545370936762,130.313658399607,3
"34","순천의료재단정병원","A2100016",86.9365260043409,95.4618547967935,86.8454000939371,2
"35","성남중앙병원","A2100011",85.4822672243251,85.3428695191252,85.3935748206018,3
"36","아주대학교병원","A2100002",139.384381642999,123.16875819009,139.205491292846,2
"37","의료법인녹산의료재단동수원병원","A2100009",101.881235085181,112.773169308662,101.765101212036,3
"38","가톨릭대학교성빈센트병원","A2100012",136.357740330901,116.495579652278,136.183914658338,2
"39","의료법인석경의료재단센트럴병원","A2100027",84.9756917499697,112.28275050047,85.729860844675,3
"40","의료법인녹향의료재단신천연합병원","A2100013",83.2102096191688,81.4738354718089,83.1253191985841,2
"41","의료법인남촌의료재단시흥시화병원","A2100008",82.2571303332662,78.5303964146258,82.173834762815,2
"42","대아의료재단한도병원","A2100017",96.1191420987342,113.278840528427,96.8546641264658,3
"43","단원병원","A2100021",93.6798299156088,102.468592565373,93.5774199921101,3
"44","고려대학교의과대학부속안산병원","A2100003",124.774629457938,119.740185711793,124.620186565166,3
"45","근로복지공단안산병원","A2100014",88.1088360005901,84.9114537942565,88.015748386914,3
"46","한림대학교성심병원","A2100004",133.603058086021,132.75939135221,133.433842004088,1
"47","효산의료재단안양샘병원","A2100015",95.5672941801957,106.067737666015,95.4617258388416,2
"48","오산한국병원","A2100024",105.709054496035,113.184732996752,105.586515281395,3
"49","조은오산병원","A2114449",85.2970925138443,89.762151403496,85.2087099751198,2
"50","연세대학교의과대학용인세브란스병원","A2100020",108.347256036184,112.761480581178,108.220302145723,2
"51","강남병원","A2100029",91.8538768304472,108.01107004977,91.7545223941096,2
"52","(의)영문의료재단다보스병원","A2100019",86.8889149141755,106.801514923369,87.6398824869678,2
"53","의료법인영동의료재단의정부백병원","A2100034",82.772308325646,78.8919233342217,82.6881506740416,2
"54","가톨릭대학교의정부성모병원","A2100040",125.875972267008,156.906882755032,126.56170023745,1
"55","추병원","A2100150",91.2138313451547,93.9142316463963,91.115547938943,2
"56","경기도의료원이천병원","A2100193",87.553081372979,111.816823231925,88.3029375524369,2
"57","경기도의료원파주병원","A2100035",86.6361432684942,113.447974814221,87.3875338206743,1
"58","의료법인갈렌의료재단박병원","A2100309",83.9084938851821,79.689243234342,83.8224349796967,1
"59","의료법인백송의료재단굿모닝병원","A2100028",95.8764009756235,97.1861967940499,95.7703153855775,3
"60","의료법인박애의료재단박애병원","A2100022",90.6689674479738,93.5318725991146,90.5715957982885,1
"61","경기도의료원포천병원","A2100031",102.232109174333,124.39246700034,102.957401972975,1
"62","한림대학교동탄성심병원","A2100046",132.109413139294,138.535066565201,132.784710283934,3
"63","의료법인은혜와감사의료재단화성중앙종합병원","A2100018",82.0181338502636,80.63729453444,81.9352382083161,1
"64","의료법인거붕백병원","A2800008",82.5256604934627,83.2680663643406,82.4419155738669,2
"65","의료법인대우의료재단대우병원","A2800005",84.0267111262979,88.8706593822044,83.9404544001427,3
"66","의료법인성념의료재단맑은샘병원","A2800022",78.5783232442285,82.7726308560535,78.5011836631724,2
"67","강일병원","A2803677",86.4966653912174,81.5054964241192,86.4062755284519,3
"68","의료법인환명의료재단조은금강병원","A2800010",95.4590151903409,87.7948386769799,95.3536280393285,1
"69","의료법인보원의료재단경희의료원교육협력중앙병원","A2800016",109.871802534565,113.831333345646,109.742297520371,1
"70","의료법인갑을의료재단갑을장유병원","A2800014",85.1669452113091,110.142348644453,85.9207942690429,1
"71","의료법인숭인의료재단김해복음병원","A2800006",81.0558635316985,89.0604769361194,80.9745781198428,2
"72","의료법인생명사랑의료재단밀양윤병원","A2800057",88.8826994491815,90.0037421279569,88.7883168789971,1
"73","의료법인승연의료재단 삼천포서울병원","A2800068",84.0889479989175,82.0904914320019,84.0025871277177,2
"74","삼천포제일병원","A2800101",82.3586262482603,83.1508498352414,82.2751608380319,1
"75","양산부산대학교병원","A2800011",136.843385008131,110.01253875641,136.66874667445,2
"76","웅상중앙병원","A2803301",98.2787910044983,98.8720775569198,98.1686853375136,NA
"77","베데스다병원","A2800019",79.27933844286,83.2645693105292,79.2010258070544,1
"78","경상대학교병원","A2800001",131.529091542983,113.107068209771,131.363345965411,2
"79","반도병원","A2800084",77.8258989001901,77.6953874457438,77.7500184001814,2
"80","진주고려병원","A2800015",87.312245557295,86.6270595261357,87.2204909306993,2
"81","한일병원","A2800043",89.1973246034028,92.4991450521061,89.1024155502944,1
"82","진주복음병원","A2800037",80.5922033385567,79.6366456847602,80.5116937997389,1
"83","제일병원","A2800003",90.6209964336754,102.596665892465,90.5237050570373,2
"84","의료법인합포의료재단에스엠지연세병원","A2800017",90.6505202259646,95.7935414896634,90.5531794452268,NA
"85","학교법인성균관대학삼성창원병원","A2800020",126.702917116901,125.642592945865,126.545247493807,2
"86","창원경상대학교병원","A2803505",122.122522962839,129.252137328349,121.972518013961,2
"87","의료법인한마음국제의료재단한마음창원병원","A2800007",109.591408327068,115.909180550949,109.462372514908,2
"88","근로복지공단 창원병원","A2800012",82.6849294476542,72.0067623093117,82.6009180128622,3
"89","재단법인대구포교성베네딕도수녀회창원파티마병원","A2800004",114.170404956174,116.847883965118,114.033706808368,2
"90","새통영병원","A2800092",76.4409351288618,72.1742585549718,76.3673721796468,2
"91","삼성합천병원","A2800055",81.6512540156383,73.5559932990194,81.5689722978017,1
"92","의료법인서명의료재단세명병원","A2700036",89.4275491029754,97.2099339477129,89.3322548000989,2
"93","동국대학교의과대학경주병원","A2700003",115.428650494714,104.083174100801,115.289846842052,2
"94","순천향대학교부속구미병원","A2700013",96.7779624622881,90.9950261355504,96.670368230224,2
"95","차의과학대학교부속구미차병원","A2700007",117.47179184662,130.537708387475,118.171583083847,2
"96","구미강동병원","A2700015",83.5838129264403,88.5598549141225,83.4982973309167,2
"97","경상북도김천의료원","A2700018",88.0019238305083,89.3856565323297,87.9090151199846,3
"98","의료법인덕산의료재단김천제일병원","A2700012",99.9608177406947,109.150899335368,99.8478974279566,2
"99","의료법인동춘의료재단문경제일병원","A2700006",91.2389841017239,112.128796678039,91.982672418187,2
"100","의료법인서일의료재단문경중앙병원","A2700067",81.9959847107795,71.5232943192612,81.9131261324411,3
"101","의료법인삼백의료재단상주성모병원","A2700009",77.3364798074293,84.17577963992,77.2614182845162,2
"102","상주적십자병원","A2700011",81.3454666674668,82.4398635980161,81.2636966436732,3
"103","의료법인석촌의료재단성주무강병원","A2700030",75.6867606534793,73.9196297551902,75.6144597139213,1
"104","안동성소병원","A2700004",120.361567333243,123.467155593854,120.214509107017,3
"105","의료법인안동병원","A2700014",131.049395646108,124.14351218293,130.884452775169,3
"106","경상북도안동의료원","A2700001",90.530172564775,82.0614018044957,90.4330331696789,3
"107","영주기독병원","A2700031",83.5116989391171,74.8615632810681,83.4263040166623,2
"108","영남대학교의과대학부속영천병원","A2700017",86.2908952916485,83.6357112077464,86.2008497574984,3
"109","포항성모병원","A2700016",119.462291709683,120.561473336451,119.31673830039,2
"110","포항세명기독병원","A2700002",100.52619131294,100.449194053796,100.41232492349,3
"111","의료법인은성의료재단좋은선린병원","A2702563",90.4134156907084,107.000224310335,90.316471672554,2
"112","KS병원","A1500019",94.9014393617078,101.051244548548,94.7969852389311,1
"113","하남성심병원","A1500017",86.0737509991922,99.4056296702438,85.9840688268409,2
"114","광주보훈병원","A1500004",91.6015130939768,94.1862878881386,91.5025809544456,3
"115","첨단종합병원","A1500011",94.4285983304827,102.994041910113,94.324935443643,2
"116","동아병원","A1500013",82.2025749472942,83.0413406035356,82.1193706679515,1
"117","광주씨티병원","A1500009",80.1199806497619,83.8544912249721,80.040261312168,1
"118","광주기독병원","A1500021",129.852388773719,134.676582116039,129.689448932957,3
"119","전남대학교병원","A1500002",144.107725277552,108.286457537726,143.920931046435,2
"120","조선대학교병원","A1500001",139.203549779566,116.218016394159,139.024962027242,3
"121","광주병원","A1500015",87.4464171819673,84.446600406648,87.3544380371845,2
"122","운암한국병원","A1500010",78.1612564944151,77.9307251344584,78.0848148185297,2
"123","광주현대병원","A1500003",82.1338607440901,82.9931203096095,82.0507714487344,1
"124","광주일곡병원","A1500005",82.4007425669736,83.1804050243107,82.3172066807444,3
"125","광주희망병원","A1500007",79.4562660677653,78.8395000216344,79.3776573673506,2
"126","서광병원","A1500020",76.784601751424,92.8869554200119,76.7104637222896,2
"127","상무병원","A1500022",83.0851898986487,85.9353312095284,83.0005086817692,3
"128","광주한국병원","A1500016",83.0298973218359,97.2696008414656,82.9453086296548,3
"129","미래로21병원","A1500014",91.7177180907521,91.9932206608994,91.6185914977716,3
"130","드림병원","A1300034",84.0589061827669,82.0694095429992,83.9725955825102,2
"131","대구가톨릭대학교병원","A1300004",130.497830069706,107.834150430809,130.333810169654,2
"132","영남대학교병원","A1300001",129.775500768111,91.4049549814782,129.612689589096,2
"133","계명대학교동산병원","A1300003",134.337274716744,103.704643633757,134.166830021926,2
"134","더블유병원","A1300110",80.7060783070082,70.6181005888996,80.6253782137304,NA
"135","삼일병원","A1300045",76.1380835733934,78.7855747949177,76.0650274055666,NA
"136","대구파티마병원","A1300009",130.383302455909,98.6553234843851,130.219474202431,2
"137","대구가톨릭대학교 칠곡가톨릭병원","A1300005",84.0998491405526,77.5489128124373,84.013470027757,2
"138","대구의료원","A1300007",97.8792938454401,98.591729833535,97.7698566832763,3
"139","(재)미리내천주성삼성직수도회천주성삼병원","A1300081",80.7319390006582,82.0093196486452,80.6511956329841,1
"140","곽병원","A1300008",87.4120365199162,91.2463164938971,87.3201149065521,1
"141","경북대학교병원","A1300002",107.221581393165,86.9507799170616,107.096511167979,1
"142","근로복지공단대전병원","A1600009",82.913723372367,78.9911615528214,82.8293290816818,3
"143","대전한국병원","A1600003",107.839139346949,101.031837661874,107.7130357215,2
"144","학교법인건양교육재단건양대학교병원","A1600006",129.314824060562,120.651659746377,129.152783762122,1
"145","학교법인을지학원대전을지대학교병원","A1600002",132.029211072345,133.929556134006,131.862628611934,1
"146","의료법인영훈의료재단유성선병원","A1600007",95.379917290462,108.210859911901,95.2746624991578,3
"147","학교법인가톨릭학원가톨릭대학교대전성모병원","A1600005",118.416692381922,119.827722458719,118.272888642621,3
"148","의료법인영훈의료재단대전선병원","A1600008",104.621678829898,123.79473679131,105.342973004773,3
"149","충남대학교병원","A1600001",134.29629207213,110.499726769959,134.125915956262,2
"150","(의)서일의료재단기장병원","A1200028",79.6835772594913,81.2736302432118,79.6045881843378,NA
"151","동남권원자력의학원","A1200015",85.6140504398629,85.4353485859187,85.5251375146342,2
"152","부산성모병원(재단법인천주교부산교구유지재단)","A1200013",120.676836563381,132.786853267024,121.37126458889,3
"153","좋은문화병원","A1200026",101.183836109284,94.0868544964039,101.068869239626,3
"154","의료법인정화의료재단 김원묵기념봉생병원","A1200017",111.461008419624,108.122718162741,111.328844082899,3
"155","동래봉생병원","A1200011",91.125121583113,87.0281366716321,91.0269866207694,1
"156","대동병원","A1200018",90.7249011544899,100.394966928343,90.6274359072617,2
"157","의료법인광혜의료재단광혜병원","A1200009",81.2166721693718,86.8987103799787,81.1351176658665,1
"158","의료법인 온그룹의료재단 온종합병원","A1200020",95.3354640836248,126.376578855574,96.0722974912232,2
"159","인제대학교부산백병원","A1200001",132.877871533489,145.898176149899,133.551882766252,3
"160","학교법인)동의병원","A1200019",92.8688231799317,108.723310154572,92.7677703672419,3
"161","학교법인 춘해병원","A1200025",81.3759114911329,87.0104568100016,81.2940905220173,3
"162","구포성심병원","A1200045",90.6210265711422,88.9490015058928,90.5237351440731,2
"163","의료법인인당의료재단부민병원","A1200006",94.8259531262409,98.7236577150154,94.7216253195373,2
"164","의료법인은성의료재단좋은삼선병원","A1200005",97.2336172841264,100.413239605734,97.1252605749377,2
"165","한국보훈복지의료공단부산보훈병원","A1200016",83.0132405632168,92.7086834245595,82.9286797438834,3
"166","고신대학교복음병원","A1200004",103.474823135448,84.3214867573794,103.356022606808,2
"167","부산대학교병원","A1200002",150.920300882102,140.362563634958,150.722106721018,1
"168","동아대학교병원","A1200003",124.321043736482,123.971109771453,124.167359858473,2
"169","삼육부산병원","A1200021",88.5738652145523,76.1393317105592,88.4799994369659,2
"170","의료법인 은성의료재단 좋은강안병원","A1200008",95.0778750874349,96.6258300686763,94.9731257231764,2
"171","비에이치에스한서병원","A1200007",87.4519812193965,107.196647537467,88.2020065763781,2
"172","부산광역시의료원","A1200024",116.37871576436,127.496026370986,117.080336117549,3
"173","해동병원","A1200012",88.1949984928698,91.7957612186903,88.1017666978393,2
"174","영도병원","A1200014",83.4748330702926,88.4833781385734,83.3894998379161,3
"175","재단법인천주교부산교구유지재단 메리놀병원","A1200023",85.9755140194004,87.9636204444436,85.8859962334361,3
"176","의료법인인당의료재단해운대부민병원","A1205143",89.9180827874173,93.0049381758314,89.8219676423259,3
"177","인제대학교해운대백병원","A1200022",134.341191460245,87.7850924227978,134.170740211282,2
"178","연세대학교의과대학강남세브란스병원","A1100015",116.402492371315,84.2950407774667,116.262059125113,2
"179","삼성서울병원","A1100010",160.753024911691,185.93113464468,161.380390820459,2
"180","강동경희대학교의대병원","A1100043",123.840363866008,116.809949192235,123.68748434118,2
"181","성심의료재단강동성심병원","A1100028",131.414984135599,122.125450191267,131.249429501442,3
"182","한국보훈복지의료공단중앙보훈병원","A1100053",106.776458916132,102.560714350691,106.652133543607,2
"183","에이치플러스양지병원","A1100041",96.0824721725754,115.527721609334,96.8180555625017,3
"184","건국대학교병원","A1100002",137.646730521502,133.322430220205,137.470747897038,2
"185","혜민병원","A1100051",86.9495837237046,84.0979467910536,86.8584359629619,3
"186","구로성심병원","A1100026",76.2996714260412,76.62435505404,76.2263448626533,2
"187","고려대학교의과대학부속구로병원","A1100014",129.864636080463,127.861333913903,129.701675745478,3
"188","희명병원","A1100049",86.3998850327009,81.4375806641113,86.3096571188624,2
"189","한국원자력의학원원자력병원","A1100027",94.8988690769145,96.5002123355242,94.7944192551641,1
"190","인제대학교상계백병원","A1100016",133.957327671973,114.811086511698,133.787518767486,2
"191","노원을지대학교병원","A1100048",133.342223963128,123.477893596216,133.173444352055,2
"192","의료법인한전의료재단한일병원","A1100020",101.337563065208,98.7439611273928,101.222338954142,2
"193","경희대학교병원","A1100001",129.893816002942,121.057968199952,129.730806839278,3
"194","삼육서울병원","A1100021",100.986077638347,103.046534220088,100.871441690919,2
"195","서울성심병원","A1100050",86.7601204160806,79.4157621223008,86.6692896967277,2
"196","서울특별시보라매병원","A1100040",136.382545466166,150.63220053167,137.050692097976,2
"197","중앙대학교병원","A1100003",144.617377929419,129.115635344805,144.429730863063,3
"198","학교법인연세대학교의과대학세브란스병원","A1100007",146.230045026212,100.677341542695,146.039699378141,2
"199","학교법인가톨릭학원가톨릭대학교서울성모병원","A1100012",157.32650437072,131.210440890879,157.117590288808,2
"200","한양대학교병원","A1100013",133.283693301373,141.633733665038,133.957025445932,2
"201","(학)고려대학교의과대학부속병원(안암병원)","A1100008",132.811215499412,111.732186340247,132.64332445966,2
"202","경찰병원","A1100039",88.2626707100263,89.5686360414328,88.1693256746325,2
"203","재단법인아산사회복지재단 서울아산병원","A1100009",147.94074524802,176.940098404154,148.589550785404,2
"204","홍익병원","A1100019",97.5504772227659,100.63559653723,97.4415902910418,3
"205","이화여자대학교의과대학부속목동병원","A1100005",130.945388292945,121.795910612789,130.780619464338,2
"206","가톨릭대학교여의도성모병원","A1100011",130.776678091518,96.6567611636877,130.612191576766,2
"207","명지성모병원","A1100024",90.2789544672922,86.4343376441679,90.1822354519296,1
"208","한림대학교강남성심병원","A1100055",126.804390835718,132.537645046211,126.646551409989,2
"209","성애의료재단성애병원","A1100054",118.620001165468,108.597323419202,118.475857216234,2
"210","순천향대학교 부속 서울병원","A1100004",129.491007558197,138.972210824376,130.170686252779,3
"211","의료법인청구성심병원","A1100023",83.5651674885133,86.2721561944958,83.4796830936249,3
"212","서울대학교병원","A1100017",144.410157946314,78.9287047841052,144.222857634759,2
"213","강북삼성병원","A1100006",128.984965983522,63.554824953729,128.823477658257,2
"214","서울적십자병원","A1100029",92.5087904849285,92.5483568858046,92.4083401385814,2
"215","인제대학교서울백병원","A1100033",97.1305816856505,100.340934221815,97.0223973926924,2
"216","녹색병원","A1100044",83.3905219165017,83.8749841495982,83.3053297675134,2
"217","서울특별시서울의료원","A1100035",146.346797885027,146.251558153,146.156256866734,3
"218","의료법인정안의료재단중앙병원","A1700028",94.7796793185468,96.4165707459621,94.6754289448432,2
"219","의료법인 은성의료재단 좋은삼정병원","A1700011",80.7639531402366,77.4825571066747,80.6831562012012,2
"220","의료법인혜명심의료재단 울산병원","A1700003",95.206639448063,92.1669621377017,95.1016746139472,3
"221","학교법인 울산공업학원 울산대학교병원","A1700004",135.809080638731,107.012099876515,135.636173074448,3
"222","의료법인송은의료재단울산시티병원","A1700025",85.6634288964707,74.0969287113635,85.5744333430292,1
"223","서울산보람병원","A1700001",78.4698713906648,82.6965246071002,78.3929132892146,3
"224","의료법인동강의료재단동천동강병원","A1701489",94.6547915295245,94.0543162990135,94.5507501387565,3
"225","의료법인동강의료재단동강병원","A1700002",100.447759219415,120.865682519313,101.176037887969,3
"226","메디플렉스 세종병원","A1403372",94.3293273150023,114.297449607543,95.0678443573029,3
"227","의료법인인성의료재단한림병원","A1400014",96.1597488714324,104.20887936762,96.0531891367521,3
"228","의료법인 길의료재단 길병원","A1400001",103.898244246084,86.8932374051675,103.778735179105,2
"229","인천광역시의료원","A1400017",92.8267830737791,106.419194191849,92.7258006095586,3
"230","의료법인 성수의료재단 인천백병원","A1400007",92.1116661816909,83.1712172937853,92.0118803695094,3
"231","현대유비스병원","A1400004",97.6231586617393,109.785057868459,97.5141501073923,3
"232","인천사랑병원","A1400016",103.425828283418,111.58247561853,103.30710974108,3
"233","가톨릭대학교인천성모병원","A1400012",129.615373630854,102.665656805269,129.452830403089,2
"234","안은의료재단 부평세림병원","A1400013",84.0782289255359,100.279883353818,83.9918859912653,3
"235","가톨릭관동대학교국제성모병원","A1400015",98.6878117626826,92.3352657123121,98.5770216544132,3
"236","온누리병원","A1400005",89.0937678621429,85.6026311876738,88.9990320973276,1
"237","의료법인루가의료재단나은병원","A1400003",96.906756960383,113.831550424757,97.6409610204642,3
"238","검단탑병원","A1400010",98.4770789207718,96.7366121400773,98.3666414456002,3
"239","의료법인성세의료재단뉴성민병원","A1400008",86.4143135570272,81.4477059024389,86.3240614989918,2
"240","의료법인 나사렛의료재단 나사렛국제병원","A1400011",89.7180675270728,99.6884199382739,89.6222870806464,2
"241","인천기독병원","A1400009",85.1669051889377,82.8469494875257,85.0787405012101,3
"242","인하대학교의과대학부속병원","A1400002",103.4104023721,86.5508936471655,103.291709642953,3
"243","의료법인영성의료재단고흥종합병원","A2600018",90.2820997771114,90.9857733818561,90.1853754984954,2
"244","곡성사랑병원","A2600029",80.3071501549397,77.1619949348052,80.2271176143261,2
"245","광양사랑병원","A2600006",82.4889302923703,87.7915194031549,82.4052468358311,1
"246","나주종합병원","A2600016",79.711714827464,69.92030454358,79.6326786678709,2
"247","담양사랑병원","A2600054",73.6231128912572,67.9222333680652,73.5542651889666,2
"248","전남중앙병원","A2600053",82.695031626789,85.6615370640745,82.6110032873576,3
"249","목포기독병원","A2600020",86.9824788722886,84.1210310103198,86.8912760659343,2
"250","목포한국병원","A2600011",108.902027552181,97.2284925231305,108.774145326125,2
"251","의료법인목포구암의료재단 목포중앙병원","A2600017",101.814269135227,115.000790109976,101.698247320602,3
"252","목포시의료원","A2600022",87.4885670391505,91.3000218991805,87.3965173622448,3
"253","대송의료재단무안병원","A2600003",75.0913701695395,64.4033565770519,75.0200655359623,2
"254","보성아산병원","A2600052",73.6488717908762,81.5879952496294,73.579980984528,2
"255","순천제일병원","A2600008",80.2721553791222,83.9612800668088,80.1921813975643,3
"256","전라남도순천의료원","A2600056",78.7274603868547,82.8772880668981,78.6500712448279,3
"257","성가롤로병원","A2600019",109.423253860455,104.41810662516,109.294499432202,3
"258","의료법인한국의료재단한국병원","A2600005",83.2617274184068,72.4115311400455,83.1767507897068,3
"259","근로복지공단 순천병원","A2600012",80.7530119762301,68.3764221048964,80.6722333457626,3
"260","여천전남병원","A2600014",91.1766393823509,112.08504617883,91.9204320243255,2
"261","의료법인한마음의료재단여수제일병원","A2600027",84.4231877009843,73.2265876145149,84.3362675245502,2
"262","여수전남병원","A2600010",86.7693732204027,86.2460980592379,86.678527017725,2
"263","의료법인 거명의료재단 영광기독병원","A2600034",80.9824634044473,84.4597397761877,80.9013008178429,2
"264","영광종합병원","A2600015",87.9895577110214,84.8277500777929,87.8966696935372,1
"265","완도대성병원","A2600032",79.8901239484531,72.3201176645497,79.8107892451663,1
"266","해남우리종합병원","A2600077",94.7793211545672,107.789390683512,94.6750713802029,3
"267","의료법인행촌의료재단해남종합병원","A2600009",85.1421270905929,80.5549471643628,85.0540038656838,2
"268","화순전남대학교병원","A2600001",108.333011575053,103.653027485747,108.206081520784,2
"269","의료법인석천재단고창병원","A2500009",83.7659642467799,81.863837105309,83.6801438454947,2
"270","전라북도군산의료원","A2500007",97.7219777299136,114.403632807852,98.4548176275664,2
"271","의료법인오성의료재단동군산병원","A2500012",95.7991242767666,106.230424779834,95.6931679988935,2
"272","전라북도 남원의료원","A2500004",93.1200141890137,115.723426585228,93.8605548543526,2
"273","의료법인혜성병원","A2500018",80.2612142151157,79.4043735768919,80.1812585421257,1
"274","부안성모병원","A2500010",80.5211818796592,90.9598775503857,80.4407911857107,1
"275","원광대학교병원","A2500001",126.429185687021,75.408987878827,126.271974116698,2
"276","의료법인대산의료재단익산병원","A2500011",86.507907652607,101.984914001086,86.4174989774276,2
"277","전북대학교병원","A2500002",146.357904388314,112.140138319179,146.167344784779,1
"278","대자인병원","A2500056",94.9270964672958,107.893092228208,94.8225994108001,3
"279","재단법인예수병원유지재단예수병원","A2500006",128.358583162765,179.120586933492,129.040156817425,2
"280","의료법인영경의료재단전주병원","A2500005",85.5844638379293,94.5130431678903,85.4956004219039,2
"281","재단법인 아산사회복지재단 정읍아산병원","A2500008",90.6980472097252,111.749193412463,91.4426407113991,2
"282","진안군의료원","A2502031",73.983737485923,72.7245307236438,73.9142863268252,3
"283","제주특별자치도 서귀포의료원","A2900002",97.8732290264177,109.960545117452,97.7638020129137,2
"284","제주한라병원","A2900001",114.35004984263,110.150107262612,114.213051083243,3
"285","한국병원","A2900003",87.02305550752,90.9733484920163,86.9317848016183,NA
"286","제주대학교병원","A2900007",129.265072376447,111.5182894046,129.103115330767,2
"287","한마음병원","A2900005",96.3320557974618,95.23133898458,96.2252077302913,2
"288","의료법인 중앙의료재단 중앙병원","A2900006",93.8074489469239,104.832763665648,93.7048254701227,1
"289","의료법인백제병원","A2400009",100.931401955781,114.381236758477,100.816857500762,1
"290","당진종합병원","A2400008",90.4074717427113,102.446824624159,90.3105376709553,2
"291","재단법인아산사회복지재단보령아산병원","A2400011",77.3512975430417,72.8131067281907,77.2762112246389,2
"292","학교법인건양학원건양대학교부여병원","A2400038",67.9708949414375,77.6034665813296,67.9115054664789,1
"293","서산중앙병원","A2400003",86.2097118837189,94.9518119105797,86.1198021990945,2
"294","충청남도서산의료원","A2400006",83.4706943856903,97.5789308342436,83.3853680788465,2
"295","아산충무병원","A2402257",100.004637278971,93.2593499697738,99.8916436401225,2
"296","단국대학교의과대학부속병원","A2400002",129.983823234951,134.768816443981,129.820663456277,2
"297","학교법인동은학원순천향대학교부속천안병원","A2400001",131.557786235305,115.401819008562,131.391992641021,3
"298","충청남도천안의료원","A2400005",87.7547171161173,96.0360216219619,87.6622220728165,3
"299","의료법인영서의료재단천안충무병원","A2400012",97.8775897746011,98.5905339992985,97.7681554639709,3
"300","청양군보건의료원","E2400032",60.3290217270785,63.1423137049215,60.2824199002157,2
"301","충청남도홍성의료원","A2400007",85.298718036906,101.136363396367,85.210332778087,2
"302","의료법인힐링의료재단옥천성모병원","A2300011",80.1496161209867,81.6006737048902,80.0698471924134,1
"303","의료법인명지의료재단명지병원","A2300009",86.421869154745,83.7276223102648,86.331604453432,3
"304","의료법인자산의료재단제천서울병원","A2300005",90.1223635209791,115.89443504264,90.8679203519599,2
"305","의료법인건명의료재단진천성모병원","A2300013",79.5478686030565,81.1783964924517,79.4691066181063,2
"306","의료법인인화재단한국병원","A2300007",99.9750765133759,115.984748218019,100.704146152931,3
"307","의료법인정산의료재단효성병원","A2300003",96.608561191495,113.622291102043,97.343264242131,2
"308","충북대학교병원","A2300001",126.347429096209,123.118514444615,126.190354334556,2
"309","충청북도청주의료원","A2300006",105.094708816863,96.8313152144778,104.973197627176,3
"310","청주성모병원","A2300008",112.935586104673,109.157505238404,112.80095426031,3
"311","의료법인한마음의료재단하나병원","A2300002",96.3252434331529,81.5788728622465,96.2184067655587,2
"312","건국대학교의료원충주병원","A2300010",110.377776825004,102.813330274112,110.247425130816,2
"313","충청북도충주의료원","A2300004",90.9200311874352,86.8842141825413,90.8222394163137,2
