dutyName,dutyTel3,hpid,hv1,hv10,hv11,hv12,hv2,hv3,hv4,hv5,hv6,hv7,hv8,hv9,hvamyn,hvangioayn,hvcc,hvccc,hvctayn,hvec,hvgc,hvicc,hvidate,hvmriayn,hvncc,hvoc,hvventiayn,phpid,rnum
연세대학교의과대학강남세브란스병원,02-2019-3333,A1100015,0,Y,Y,0,0,0,0,Y,0,Y,0,0,Y,N,0,0,Y,-6,47,4,2.02E+13,Y,3,22,Y,A1100015,1
삼성서울병원,02-3410-2060,A1100010,0,Y,Y,0,6,5,0,Y,4,Y,0,0,Y,N,0,7,Y,18,516,4,2.02E+13,Y,9,53,Y,A1100010,2
강동경희대학교의대병원,02-440-8282,A1100043,0,Y,Y,0,0,0,0,Y,0,Y,0,0,Y,N,0,0,Y,9,123,1,2.02E+13,Y,1,10,Y,A1100043,1
성심의료재단강동성심병원,02-2224-2358,A1100028,0,Y,Y,0,2,1,0,Y,0,Y,0,0,Y,N,0,0,Y,10,123,0,2.02E+13,Y,3,12,Y,A1100028,2
한국보훈복지의료공단중앙보훈병원,02-2225-1100,A1100053,0,0,0,0,6,0,0,Y,2,Y,0,0,Y,N,0,11,Y,15,130,4,2.02E+13,Y,0,14,Y,A1100053,3
이화여자대학교의과대학부속서울병원,02-6986-5119,A1120796,0,0,Y,0,3,3,0,Y,6,Y,0,0,Y,N,0,0,Y,9,177,0,2.02E+13,Y,0,10,Y,A1120796,1
부민병원,02-2620-0119,A1100036,0,0,0,0,0,0,0,Y,0,0,0,0,Y,N,0,0,Y,7,16,8,2.02E+13,Y,0,5,Y,A1100036,2
에이치플러스양지병원,070-4665-9119,A1100041,0,0,0,0,0,0,0,Y,0,Y,0,0,Y,N,0,0,Y,18,71,6,2.02E+13,Y,0,6,Y,A1100041,1
구로성심병원,02-2067-1515,A1100026,0,0,0,0,0,0,0,Y,0,0,0,0,Y,N,0,0,Y,7,52,0,2.02E+13,N,0,3,Y,A1100026,1
고려대학교의과대학부속구로병원,02-2626-1557,A1100014,0,Y,Y,0,4,1,0,Y,0,Y,0,0,Y,N,0,0,Y,3,98,1,2.02E+13,Y,3,19,Y,A1100014,2
의료법인한전의료재단한일병원,02-901-3000,A1100020,0,Y,Y,0,0,0,0,Y,0,Y,0,0,Y,N,0,0,Y,11,63,4,2.02E+13,Y,3,8,Y,A1100020,1
경희대학교병원,02-958-8282,A1100001,0,Y,Y,0,0,0,0,Y,2,Y,0,0,Y,N,0,0,Y,7,63,3,2.02E+13,Y,9,16,Y,A1100001,1
삼육서울병원,02-2210-3566,A1100021,0,0,N,0,0,0,0,Y,0,Y,0,0,Y,N,0,0,Y,15,62,-1,2.02E+13,Y,4,5,Y,A1100021,2
서울특별시동부병원,02-920-9119,A1100022,0,0,0,0,0,0,0,Y,0,0,0,0,Y,N,0,0,Y,7,39,4,2.02E+13,Y,0,3,Y,A1100022,3
서울성심병원,02-966-1616,A1100050,0,0,0,0,0,0,0,Y,0,0,0,0,Y,N,0,0,Y,6,88,2,2.02E+13,Y,0,6,Y,A1100050,4
서울특별시보라매병원,02-870-2119,A1100040,0,Y,Y,0,2,5,0,Y,0,Y,0,0,Y,N,0,0,Y,19,135,0,2.02E+13,Y,6,14,Y,A1100040,1
중앙대학교병원,02-6299-1339,A1100003,0,Y,Y,0,15,7,0,Y,0,Y,0,0,Y,N,0,0,Y,7,125,0,2.02E+13,Y,1,14,Y,A1100003,2
학교법인연세대학교의과대학세브란스병원,02-2227-7777,A1100007,0,Y,Y,0,1,9,0,Y,2,Y,0,0,Y,N,2,0,Y,-11,98,0,2.02E+13,Y,-1,1,Y,A1100007,1
의료법인동신의료재단동신병원,02-396-9161,A1100025,0,0,0,0,0,0,0,Y,0,0,0,0,Y,N,0,0,Y,8,49,6,2.02E+13,Y,0,4,Y,A1100025,2
한양대학교병원,02-2290-8284,A1100013,0,Y,Y,0,2,6,0,Y,0,Y,0,0,Y,N,0,0,Y,17,113,0,2.02E+13,Y,5,14,Y,A1100013,1
(학)고려대학교의과대학부속병원(안암병원),02-920-5374,A1100008,0,Y,Y,0,1,3,0,Y,0,Y,0,0,Y,N,0,0,Y,18,47,0,2.02E+13,Y,-3,21,Y,A1100008,1
가톨릭대학교여의도성모병원,02-3779-1188,A1100011,0,Y,Y,0,2,2,0,Y,1,Y,0,0,Y,N,0,0,Y,11,20,0,2.02E+13,Y,-3,10,Y,A1100011,1
명지성모병원,02-829-7800,A1100024,0,0,0,0,0,0,0,Y,0,Y,0,0,Y,N,0,0,Y,7,47,0,2.02E+13,Y,0,3,Y,A1100024,2
대림성모병원,02-829-9129,A1100037,0,0,0,0,0,0,0,Y,0,0,0,0,Y,N,0,0,Y,9,90,0,2.02E+13,Y,0,4,Y,A1100037,3
한림대학교강남성심병원,02-829-5119,A1100055,0,Y,Y,0,0,1,0,Y,0,Y,0,0,Y,N,0,0,Y,15,153,0,2.02E+13,Y,3,14,Y,A1100055,4
성애의료재단성애병원,02-840-7115,A1100054,0,Y,Y,0,0,0,0,Y,0,Y,0,0,Y,N,0,0,Y,17,82,4,2.02E+13,Y,5,5,Y,A1100054,5
순천향대학교 부속 서울병원,02-709-9117-9,A1100004,0,Y,Y,0,0,0,0,Y,0,Y,0,0,Y,N,0,0,Y,23,141,0,2.02E+13,Y,5,12,Y,A1100004,1
가톨릭대학교 은평성모병원,18117755,A1121013,0,Y,Y,0,6,5,0,Y,5,Y,0,0,Y,N,0,0,Y,14,169,1,2.02E+13,Y,10,19,Y,A1121013,1
의료법인청구성심병원,02-383-0129,A1100023,0,0,0,0,0,0,0,Y,0,0,0,0,Y,N,0,0,Y,7,35,5,2.02E+13,Y,0,3,Y,A1100023,2
서울대학교병원,02-2072-2475,A1100017,0,Y,Y,0,0,4,0,Y,0,Y,0,0,Y,N,1,0,Y,-2,90,0,2.02E+13,Y,5,52,Y,A1100017,1
강북삼성병원,02-2001-1000,A1100006,0,Y,Y,0,1,-2,0,Y,0,Y,0,0,Y,N,0,0,Y,0,45,0,2.02E+13,Y,0,10,Y,A1100006,2
서울적십자병원,NA,A1100029,0,0,0,0,0,0,0,Y,0,0,0,0,Y,N,0,0,Y,9,215,10,2.02E+13,Y,0,6,Y,A1100029,3
세란병원,02-737-0181,A1100032,0,0,0,0,0,0,0,Y,0,0,0,0,Y,N,0,0,Y,10,46,0,2.02E+13,Y,0,5,Y,A1100032,4
인제대학교서울백병원,02-2270-0119,A1100033,0,0,0,0,0,0,0,Y,0,Y,0,0,Y,N,0,0,Y,17,36,1,2.02E+13,Y,0,5,Y,A1100033,1
경찰병원,02-3400-1300,A1100039,0,0,0,0,0,0,0,Y,0,0,0,0,Y,N,0,0,Y,8,73,11,2.02E+13,Y,0,7,Y,A1100039,1
재단법인아산사회복지재단서울아산병원,02-3010-3333,A1100009,0,Y,Y,0,4,1,0,Y,0,Y,0,0,Y,N,0,1,Y,34,81,0,2.02E+13,Y,12,69,Y,A1100009,2
의료법인풍산의료재단동부제일병원,02-490-8880,A1100075,0,0,0,0,0,0,0,Y,0,0,0,0,Y,N,0,0,Y,6,36,0,2.02E+13,N,0,2,Y,A1100075,1
녹색병원,02-490-2112-3,A1100044,0,0,0,0,0,0,0,Y,0,0,0,0,Y,N,0,0,Y,9,79,3,2.02E+13,Y,0,3,Y,A1100044,2
서울특별시서울의료원,NA,A1100035,0,Y,Y,0,7,0,0,Y,9,Y,0,0,Y,N,0,0,Y,16,440,0,2.02E+13,Y,4,9,Y,A1100035,3
홍익병원,02-2600-0777,A1100019,0,0,0,0,0,0,0,Y,0,Y,0,0,Y,N,0,0,Y,9,107,1,2.02E+13,Y,0,0,Y,A1100019,1
서울특별시서남병원,NA,A1100223,0,0,0,0,0,0,0,Y,0,0,0,0,Y,N,0,0,Y,7,234,15,2.02E+13,Y,0,5,Y,A1100223,2
이화여자대학교의과대학부속목동병원,02-2650-5911,A1100005,0,Y,Y,0,0,0,0,Y,5,Y,0,0,Y,N,0,0,Y,3,117,0,2.02E+13,Y,3,13,Y,A1100005,3
학교법인가톨릭학원가톨릭대학교서울성모병원,02-2258-2370,A1100012,0,Y,Y,0,6,14,0,Y,9,Y,0,0,Y,N,0,1,Y,9,130,0,2.02E+13,Y,28,29,Y,A1100012,1
한국원자력의학원원자력병원,02-970-2621,A1100027,0,0,Y,0,0,0,0,Y,0,Y,0,0,Y,N,0,0,Y,9,94,4,2.02E+13,Y,0,10,Y,A1100027,1
인제대학교상계백병원,02-950-1100,A1100016,0,Y,Y,0,0,5,0,Y,1,Y,0,0,Y,N,0,0,Y,-8,60,0,2.02E+13,Y,1,13,Y,A1100016,2
노원을지대학교병원,02-970-8282,A1100048,0,Y,Y,0,4,2,0,Y,0,Y,0,0,Y,N,0,0,Y,15,107,0,2.02E+13,Y,4,10,Y,A1100048,3
건국대학교병원,02-2030-5555,A1100002,0,Y,Y,0,1,5,0,Y,0,Y,0,0,Y,N,0,0,Y,9,121,0,2.02E+13,Y,5,17,Y,A1100002,1
혜민병원,02-2049-9119,A1100051,0,0,0,0,0,0,0,Y,0,0,0,0,Y,N,0,0,Y,8,91,5,2.02E+13,Y,0,4,Y,A1100051,2
의료법인성화의료재단대한병원,02-905-9110,A1100030,0,0,0,0,0,0,0,Y,0,Y,0,0,Y,N,0,0,Y,5,53,3,2.02E+13,Y,0,3,Y,A1100030,1
희명병원,02-809-0122,A1100049,0,0,0,0,0,0,0,Y,0,Y,0,0,Y,N,0,0,Y,7,40,4,2.02E+13,Y,0,3,Y,A1100049,1
부산성모병원(재단법인천주교부산교구유지재단),051-933-7119,A1200013,0,Y,Y,0,0,0,0,Y,0,Y,0,0,Y,N,0,0,Y,13,125,3,2.02E+13,Y,13,6,Y,A1200013,1
좋은문화병원,051-630-0909,A1200026,0,Y,Y,0,0,0,0,Y,0,0,0,0,Y,N,0,0,Y,6,72,1,2.02E+13,Y,3,4,Y,A1200026,1
의료법인정화의료재단김원묵기념봉생병원,051-664-4119,A1200017,0,0,0,0,6,4,0,Y,0,Y,0,0,Y,N,0,0,Y,7,85,0,2.02E+13,Y,0,8,Y,A1200017,2
동래봉생병원,051-520-5700,A1200011,0,0,0,0,0,0,0,Y,0,Y,0,0,Y,N,0,0,Y,9,74,5,2.02E+13,Y,0,5,Y,A1200011,1
대동병원,051-550-9391,A1200018,0,0,0,0,0,0,0,Y,0,Y,0,0,Y,N,0,0,Y,10,122,8,2.02E+13,Y,0,6,Y,A1200018,2
의료법인광혜의료재단광혜병원,051-504-2119,A1200009,0,0,0,0,0,0,0,Y,0,0,0,0,Y,N,0,0,Y,8,81,2,2.02E+13,Y,0,3,Y,A1200009,3
의료법인 온그룹의료재단 온종합병원,051-607-0139,A1200020,0,0,0,0,0,0,0,Y,0,Y,0,0,Y,N,0,0,Y,24,53,7,2.02E+13,Y,0,6,Y,A1200020,1
인제대학교부산백병원,051-890-8934,A1200001,0,Y,Y,0,4,0,0,Y,0,Y,0,0,Y,N,0,0,Y,4,28,0,2.02E+13,Y,8,17,Y,A1200001,2
학교법인)동의병원,051-850-8777,A1200019,0,0,0,0,0,0,0,Y,0,Y,0,0,Y,N,0,0,Y,15,101,12,2.02E+13,Y,0,1,Y,A1200019,3
학교법인 춘해병원,051-632-3119,A1200025,0,0,0,0,0,0,0,Y,0,0,0,0,Y,N,0,0,Y,9,55,0,2.02E+13,Y,0,4,Y,A1200025,4
구포성심병원,051-330-2090,A1200045,0,0,0,0,0,0,0,Y,0,Y,0,0,Y,N,0,0,Y,9,29,0,2.02E+13,Y,0,3,Y,A1200045,1
의료법인인당의료재단부민병원,051-330-3129,A1200006,0,0,0,0,0,0,0,Y,0,Y,0,0,Y,N,0,0,Y,8,64,9,2.02E+13,Y,0,9,Y,A1200006,2
고신대학교복음병원,051-990-3008,A1200004,0,Y,Y,0,2,2,0,Y,0,Y,0,0,Y,N,2,0,Y,4,120,0,2.02E+13,Y,1,13,Y,A1200004,1
부산대학교병원,051-240-7776,A1200002,0,Y,Y,0,2,0,0,Y,1,Y,0,25,Y,N,0,0,Y,21,245,7,2.02E+13,Y,7,26,Y,A1200002,2
동아대학교병원,051-240-5301,A1200003,0,Y,Y,0,0,0,0,Y,1,Y,0,0,Y,N,0,4,Y,17,120,2,2.02E+13,Y,4,15,Y,A1200003,3
삼육부산병원,051-600-7750,A1200021,0,0,Y,0,0,0,0,Y,0,0,0,0,Y,N,0,0,Y,1,39,1,2.02E+13,Y,0,3,Y,A1200021,4
해동병원,051-410-6695,A1200012,0,0,0,0,0,0,0,Y,0,0,0,0,Y,N,0,0,Y,8,65,4,2.02E+13,Y,0,3,Y,A1200012,1
영도병원,051-419-7575,A1200014,0,0,0,0,0,0,0,Y,0,0,0,0,Y,N,0,0,Y,10,76,5,2.02E+13,Y,0,3,Y,A1200014,2
의료법인인당의료재단해운대부민병원,051-602-8119,A1205143,0,0,0,0,0,0,0,Y,0,0,0,0,Y,N,0,0,Y,8,47,8,2.02E+13,Y,0,7,Y,A1205143,1
인제대학교해운대백병원,051-797-0119,A1200022,0,Y,Y,0,4,2,0,Y,0,Y,0,0,Y,N,0,0,Y,0,33,0,2.02E+13,Y,6,17,Y,A1200022,2
부산광역시의료원,051-607-2140,A1200024,0,0,Y,0,8,8,0,Y,0,Y,0,0,Y,N,0,0,Y,18,305,0,2.02E+13,Y,0,7,Y,A1200024,1
의료법인 은성의료재단 좋은강안병원,051-610-9119,A1200008,0,0,0,0,0,0,0,Y,0,Y,0,0,Y,N,0,0,Y,13,32,1,2.02E+13,Y,0,7,Y,A1200008,1
비에이치에스한서병원,070-7321-0119,A1200007,0,0,0,0,0,0,0,Y,0,Y,0,0,Y,N,0,0,Y,17,98,8,2.02E+13,Y,0,4,Y,A1200007,2
의료법인은성의료재단좋은삼선병원,051-310-9119,A1200005,0,0,0,0,0,0,0,Y,0,Y,0,0,Y,N,0,0,Y,10,48,9,2.02E+13,Y,0,4,Y,A1200005,1
한국보훈복지의료공단부산보훈병원,051-601-6180,A1200016,0,0,0,0,0,0,0,Y,0,Y,0,0,Y,N,0,0,Y,12,56,1,2.02E+13,Y,0,7,Y,A1200016,2
(의)서일의료재단기장병원,051-723-2119,A1200028,0,0,0,0,0,0,0,Y,0,0,0,0,Y,N,0,0,Y,10,54,0,2.02E+13,Y,0,2,Y,A1200028,1
동남권원자력의학원,051-720-5911,A1200015,0,0,0,0,0,0,0,Y,0,Y,0,0,Y,N,0,0,Y,9,36,4,2.02E+13,Y,0,6,Y,A1200015,2
(재)미리내천주성삼성직수도회천주성삼병원,053-790-0555,A1300081,0,0,0,0,0,0,0,Y,0,0,0,0,Y,N,0,0,Y,8,27,0,2.02E+13,Y,0,4,Y,A1300081,1
의료법인구의료재단구병원,053-557-7119,A1300006,0,0,0,0,0,0,0,Y,0,0,0,0,Y,N,0,0,Y,9,89,0,2.02E+13,Y,0,8,Y,A1300006,1
계명대학교동산병원,053-250-6321,A1300003,0,Y,Y,0,4,2,0,Y,0,Y,0,0,Y,N,1,0,Y,2,75,2,2.02E+13,Y,9,23,Y,A1300003,2
더블유병원,053-550-5019,A1300110,0,0,0,0,0,0,0,Y,0,0,0,0,Y,N,0,0,Y,7,14,0,2.02E+13,Y,0,6,Y,A1300110,3
한국보훈복지의료공단대구보훈병원,053-630-7014,A1300011,0,0,0,0,0,0,0,Y,0,Y,0,0,Y,N,0,0,Y,10,145,9,2.02E+13,Y,0,6,Y,A1300011,4
삼일병원,053-659-3119,A1300045,0,0,0,0,0,0,0,Y,0,0,0,0,Y,N,0,0,Y,7,62,0,2.02E+13,N,0,2,Y,A1300045,5
나사렛종합병원,053-643-1400,A1300038,0,0,0,0,0,0,0,Y,0,Y,0,0,Y,N,0,0,Y,4,108,5,2.02E+13,Y,0,5,Y,A1300038,6
현대유비스병원,032-890-5582,A1400004,0,0,0,0,0,0,0,Y,0,Y,0,0,Y,N,0,0,Y,15,34,9,2.02E+13,Y,0,6,Y,A1400004,1
인천사랑병원,032-457-2119,A1400016,0,0,Y,0,0,0,0,Y,0,Y,0,0,Y,N,0,0,Y,13,56,7,2.02E+13,Y,0,6,Y,A1400016,2
가톨릭대학교인천성모병원,032-280-6107,A1400012,0,Y,Y,0,-2,0,0,Y,0,Y,0,0,Y,N,0,0,Y,0,112,0,2.02E+13,Y,5,17,Y,A1400012,1
근로복지공단인천병원,032-500-0119,A1400032,0,0,0,0,0,0,0,Y,0,0,0,0,Y,N,0,0,Y,3,44,15,2.02E+13,Y,0,3,Y,A1400032,2
안은의료재단 부평세림병원,032-509-5777,A1400013,0,0,0,0,0,0,0,Y,0,0,0,0,Y,N,0,0,Y,17,68,8,2.02E+13,Y,0,4,Y,A1400013,3
의료법인 길의료재단 길병원,032-460-3012,A1400001,0,Y,Y,0,0,3,0,Y,0,Y,0,5,Y,N,0,0,Y,9,261,0,2.02E+13,Y,9,1,Y,A1400001,1
의료법인 나사렛의료재단 나사렛국제병원,032-899-9699,A1400011,0,0,0,0,0,0,0,Y,0,Y,0,0,Y,N,0,0,Y,18,63,10,2.02E+13,Y,0,4,Y,A1400011,1
메디플렉스세종병원,032-240-8119,A1403372,0,0,0,0,0,0,0,Y,0,Y,0,0,Y,N,0,0,Y,11,92,0,2.02E+13,Y,0,5,Y,A1403372,1
의료법인인성의료재단한림병원,032-540-9119,A1400014,0,0,0,0,0,0,0,Y,0,Y,0,0,Y,N,0,0,Y,15,63,9,2.02E+13,Y,0,6,Y,A1400014,2
비에스종합병원,032-290-0119,A1403617,0,0,Y,0,0,0,0,Y,0,0,0,0,Y,N,0,0,Y,9,76,4,2.02E+13,Y,1,2,Y,A1403617,1
인천광역시의료원백령병원,032-836-1732,A1400037,0,Y,Y,0,0,0,0,Y,0,0,0,0,Y,N,0,0,Y,6,30,0,2.02E+13,N1,0,1,Y,A1400037,1
신가병원,062-610-8119,A1500006,0,0,0,0,0,0,0,Y,0,0,0,0,Y,N,0,0,Y,6,105,0,2.02E+13,Y,0,2,Y,A1500006,1
KS병원,062-975-9119,A1500019,0,0,0,0,0,0,0,Y,0,Y,0,0,Y,N,0,0,Y,9,55,0,2.02E+13,Y,0,4,Y,A1500019,2
하남성심병원,062-958-1250,A1500017,0,0,0,0,0,0,0,Y,0,0,0,0,Y,N,0,0,Y,16,72,3,2.02E+13,Y,0,4,Y,A1500017,3
광주수완병원,062-958-1119,A1500018,0,0,0,0,0,0,0,Y,0,0,0,0,Y,N,0,0,Y,10,40,0,2.02E+13,Y,0,3,Y,A1500018,4
광주보훈병원,062-602-6119,A1500004,0,0,0,0,0,0,0,Y,0,Y,0,0,Y,N,0,0,Y,13,128,16,2.02E+13,Y,0,8,Y,A1500004,5
첨단종합병원,062-601-8119,A1500011,0,0,0,0,0,0,0,Y,0,Y,0,0,Y,N,0,0,Y,17,72,11,2.02E+13,Y,0,5,Y,A1500011,6
의료법인영훈의료재단유성선병원,042-609-1119,A1600007,0,0,0,0,0,0,0,Y,0,Y,0,0,Y,N,0,0,Y,15,68,10,2.02E+13,Y,0,3,Y,A1600007,1
근로복지공단대전병원,042-670-5119,A1600009,0,0,0,0,0,0,0,Y,0,0,0,0,Y,N,0,0,Y,6,63,5,2.02E+13,Y,0,3,Y,A1600009,1
대전보훈병원,042-939-0100,A1600004,0,0,0,0,0,0,0,Y,0,Y,0,0,Y,N,0,0,Y,6,121,4,2.02E+13,Y,0,5,Y,A1600004,2
서울산보람병원,052-255-7119,A1700001,0,0,0,0,0,0,0,Y,0,0,0,0,Y,N,0,0,Y,8,86,0,2.02E+13,Y,0,3,Y,A1700001,1
엔케이(NK)세종병원,044-850-7704,A1800417,0,0,0,0,0,0,0,Y,0,0,0,0,Y,N,0,0,Y,9,65,0,2.02E+13,Y,0,3,Y,A1800417,1
양평병원,031-770-5129,A2100089,0,0,0,0,0,0,0,Y,0,0,0,0,Y,N,0,0,Y,9,47,0,2.02E+13,Y,0,3,Y,A2100089,1
세종여주병원,031-880-7754,A2100194,0,0,0,0,0,0,0,Y,0,0,0,0,Y,N,0,0,Y,10,78,0,2.02E+13,N,0,2,Y,A2100194,1
연천군보건의료원,031-839-4119,E2100187,0,0,0,0,0,0,0,Y,0,0,0,0,Y,N,0,0,Y,10,50,0,2.02E+13,N1,0,2,Y,E2100187,1
광명성애병원,02-2680-7115,A2100007,0,Y,Y,0,0,0,0,Y,0,Y,0,0,Y,N,0,0,Y,10,71,6,2.02E+13,Y,0,5,Y,A2100007,1
가톨릭대학교부천성모병원,032-340-2100,A2100052,0,Y,Y,0,4,2,0,Y,2,Y,0,0,Y,N,0,0,Y,2,56,0,2.02E+13,Y,7,11,Y,A2100052,1
순천향대학교부속부천병원,032-621-5117,A2100005,0,Y,Y,0,1,2,0,Y,0,Y,0,0,Y,N,0,0,Y,7,99,0,2.02E+13,Y,10,19,Y,A2100005,2
의료법인대인의료재단다니엘종합병원,032-670-0119,A2100050,0,0,0,0,5,0,0,Y,0,0,0,0,Y,N,0,0,Y,10,59,0,2.02E+13,Y,0,5,Y,A2100050,3
의료법인혜원의료재단세종병원,032-340-1119,A2100055,0,Y,Y,0,0,0,0,Y,0,Y,0,0,Y,N,0,0,Y,17,91,0,2.02E+13,Y,0,6,Y,A2100055,4
순천의료재단정병원,031-750-6003,A2100016,0,0,0,0,0,0,0,Y,0,0,0,0,Y,N,0,0,Y,11,79,2,2.02E+13,Y,0,4,Y,A2100016,1
성남중앙병원,031-799-5366,A2100011,0,0,0,0,0,0,0,Y,0,0,0,0,Y,N,0,0,Y,9,104,7,2.02E+13,Y,0,4,Y,A2100011,1
분당서울대학교병원,031-787-3119,A2100001,0,0,Y,0,0,1,0,Y,0,Y,0,0,Y,N,0,0,Y,-10,114,0,2.02E+13,Y,3,37,Y,A2100001,1
국군수도병원,031-725-6119,A2100258,0,0,0,0,0,0,0,Y,0,Y,0,0,Y,N,0,0,Y,11,177,23,2.02E+13,Y,0,9,Y,A2100258,2
대진의료재단분당제생병원,031-779-0119,A2100025,0,Y,Y,0,1,2,0,Y,0,Y,0,0,Y,N,0,0,Y,13,276,0,2.02E+13,Y,3,9,Y,A2100025,3
차의과학대학교분당차병원,031-780-5840,A2100030,0,Y,Y,0,1,3,0,Y,0,Y,0,0,Y,N,0,0,Y,-1,61,0,2.02E+13,Y,11,20,Y,A2100030,4
경기도의료원수원병원,NA,A2100032,0,0,0,0,0,0,0,Y,0,0,0,0,Y,N,0,0,Y,16,115,9,2.02E+13,Y,0,3,Y,A2100032,1
의료법인녹산의료재단동수원병원,031-210-0119,A2100009,0,0,Y,0,0,0,0,Y,0,Y,0,0,Y,N,0,0,Y,17,111,3,2.02E+13,Y,0,5,Y,A2100009,1
가톨릭대학교성빈센트병원,031-249-7364,A2100012,0,Y,Y,0,0,0,0,Y,4,Y,0,0,Y,N,0,1,Y,-2,188,0,2.02E+13,Y,9,19,Y,A2100012,2
아주대학교병원,031-219-7700,A2100002,0,Y,Y,0,3,0,0,Y,3,Y,0,15,Y,N,0,3,Y,3,100,0,2.02E+13,Y,7,24,Y,A2100002,1
효산의료재단안양샘병원,031-467-9119,A2100015,0,0,0,0,0,0,0,Y,0,Y,0,0,Y,N,0,0,Y,15,32,1,2.02E+13,Y,0,6,Y,A2100015,1
한림대학교성심병원,031-380-4130,A2100004,0,Y,Y,0,2,0,0,Y,0,Y,0,0,Y,N,0,0,Y,16,108,0,2.02E+13,Y,6,17,Y,A2100004,1
의료법인영동의료재단의정부백병원,031-842-1211,A2100034,0,0,0,0,0,0,0,Y,0,0,0,0,Y,N,0,0,Y,2,34,2,2.02E+13,Y,0,3,Y,A2100034,1
가톨릭대학교의정부성모병원,031-820-5210,A2100040,0,Y,Y,0,0,0,0,Y,0,Y,0,11,Y,N,0,0,Y,31,289,0,2.02E+13,Y,10,13,Y,A2100040,2
추병원,031-845-8313,A2100150,0,0,0,0,0,0,0,Y,0,Y,0,0,Y,N,0,0,Y,10,68,6,2.02E+13,N,0,3,Y,A2100150,3
경기도의료원의정부병원,031-828-5119,A2100043,0,0,0,0,0,0,0,Y,0,0,0,0,Y,N,0,0,Y,10,80,5,2.02E+13,Y,0,3,Y,A2100043,4
한양대학교구리병원,NA,A2100039,0,Y,Y,0,1,0,0,Y,0,Y,0,0,Y,N,0,0,Y,7,75,0,2.02E+13,Y,7,8,Y,A2100039,1
대아의료재단한도병원,031-8040-1129,A2100017,0,0,0,0,0,0,0,Y,0,Y,0,0,Y,N,0,0,Y,15,75,3,2.02E+13,Y,0,4,Y,A2100017,1
단원병원,031-8040-5911,A2100021,0,0,0,0,0,0,0,Y,0,Y,0,0,Y,N,0,0,Y,8,34,0,2.02E+13,Y,0,3,Y,A2100021,2
고려대학교의과대학부속안산병원,031-412-5381,A2100003,0,Y,Y,0,0,2,0,Y,0,Y,0,0,Y,N,0,0,Y,12,114,4,2.02E+13,Y,6,1,Y,A2100003,3
근로복지공단안산병원,031-500-1119,A2100014,0,0,0,0,0,0,0,Y,0,0,0,0,Y,N,0,0,Y,6,114,11,2.02E+13,Y,0,3,Y,A2100014,1
의료법인갈렌의료재단박병원,070-4832-4733,A2100309,0,0,0,0,0,0,0,Y,0,0,0,0,Y,N,0,0,Y,3,46,1,2.02E+13,Y,0,4,Y,A2100309,1
의료법인백송의료재단굿모닝병원,031-5182-7582,A2100028,0,0,0,0,0,0,0,Y,0,Y,0,0,Y,N,0,0,Y,13,36,3,2.02E+13,Y,0,6,Y,A2100028,2
의료법인박애의료재단박애병원,031-650-9219,A2100022,0,0,0,0,0,0,0,Y,0,0,0,0,Y,N,0,0,Y,12,99,5,2.02E+13,Y,0,5,Y,A2100022,3
의료법인양진의료재단평택성모병원,070-5012-3549,A2113246,0,0,0,0,0,0,0,Y,0,Y,0,0,Y,N,0,0,Y,20,177,6,2.02E+13,Y,0,5,Y,A2113246,4
효산의료재단지샘병원,031-389-3119,A2100054,0,0,0,0,0,0,0,Y,0,Y,0,0,Y,N,0,0,Y,17,73,2,2.02E+13,Y,0,5,Y,A2100054,1
원광대학교산본병원,031-390-2345,A2100048,0,0,0,0,0,0,0,Y,0,Y,0,0,Y,N,0,0,Y,11,83,5,2.02E+13,Y,0,5,Y,A2100048,2
남양주한양병원,031-510-0119,A2100041,0,0,0,0,0,0,0,Y,0,Y,0,0,Y,N,0,0,Y,18,77,14,2.02E+13,Y,0,5,Y,A2100041,1
남양주나눔병원,031-570-1118,A2100044,0,0,0,0,0,0,0,Y,0,0,0,0,Y,N,0,0,Y,10,28,0,2.02E+13,Y,0,5,Y,A2100044,2
현대병원,031-574-0114,A2100037,0,0,0,0,0,0,0,Y,0,Y,0,0,Y,N,0,0,Y,9,21,2,2.02E+13,Y,0,6,Y,A2100037,3
의료법인석경의료재단센트럴병원,031-8041-3019,A2100027,0,0,0,0,0,0,0,Y,0,0,0,0,Y,N,0,0,Y,18,35,4,2.02E+13,Y,0,3,Y,A2100027,1
의료법인녹향의료재단신천연합병원,031-310-6662,A2100013,0,0,0,0,0,0,0,Y,0,0,0,0,Y,N,0,0,Y,9,61,0,2.02E+13,Y,0,3,Y,A2100013,2
의료법인남촌의료재단시흥시화병원,031-8041-5819,A2100008,0,0,0,0,0,0,0,Y,0,0,0,0,Y,N,0,0,Y,8,28,7,2.02E+13,Y,0,3,Y,A2100008,3
오산한국병원,031-378-5119,A2100024,0,Y,0,0,0,0,0,Y,0,Y,0,0,Y,N,0,0,Y,19,112,6,2.02E+13,Y,0,5,Y,A2100024,1
조은오산병원,031-373-8119,A2114449,0,0,0,0,0,0,0,Y,0,0,0,0,Y,N,0,0,Y,7,126,0,2.02E+13,Y,0,4,N1,A2114449,2
의료법인명지의료재단명지병원,031-810-7119,A2100042,0,Y,Y,0,0,0,0,Y,0,Y,0,0,Y,N,0,0,Y,11,87,5,2.02E+13,Y,3,8,Y,A2100042,1
경기도의료원이천병원,031-630-4333,A2100193,0,0,0,0,0,0,0,Y,0,0,0,0,Y,N,0,0,Y,17,94,3,2.02E+13,Y,0,4,Y,A2100193,1
경기도의료원파주병원,031-940-9129,A2100035,0,0,0,0,0,0,0,Y,0,0,0,0,Y,N,0,0,Y,20,192,8,2.02E+13,Y,0,3,Y,A2100035,1
의료법인우리의료재단김포우리병원,031-999-1119,A2100053,0,0,0,0,0,0,0,Y,0,Y,0,0,Y,N,0,0,Y,14,54,4,2.02E+13,Y,0,7,Y,A2100053,1
의료법인인봉의료재단뉴고려병원,031-980-9119,A2100006,0,0,0,0,0,0,0,Y,0,Y,0,0,Y,N,0,0,Y,9,69,2,2.02E+13,Y,0,6,Y,A2100006,2
화성디에스병원,031-5180-7777,A2116761,0,0,0,0,0,0,0,Y,0,0,0,0,Y,N,0,0,Y,10,51,0,2.02E+13,Y,0,3,Y,A2116761,1
한림대학교동탄성심병원,031-8086-2119,A2100046,0,Y,Y,0,0,0,0,Y,0,Y,0,0,Y,N,0,0,Y,20,233,0,2.02E+13,Y,0,14,Y,A2100046,2
의료법인은혜와감사의료재단화성중앙종합병원,031-371-7998,A2100018,0,0,0,0,0,0,0,Y,0,0,0,0,Y,N,0,0,Y,6,47,5,2.02E+13,Y,0,3,Y,A2100018,3
의료법인원광의료재단원광종합병원,031-8077-7219,A2115699,0,0,0,0,0,0,0,Y,0,0,0,0,Y,N,0,0,Y,4,98,3,2.02E+13,Y,0,2,Y,A2115699,4
참조은병원,031-881-9119,A2100155,0,0,0,0,0,0,0,Y,0,Y,0,0,Y,N,0,0,Y,15,26,1,2.02E+13,Y,0,7,Y,A2100155,1
남양주한양병원,031-510-0119,A2100041,0,0,0,0,0,0,0,Y,0,Y,0,0,Y,N,0,0,Y,18,77,14,2.02E+13,Y,0,5,Y,A2100041,1
남양주나눔병원,031-570-1118,A2100044,0,0,0,0,0,0,0,Y,0,0,0,0,Y,N,0,0,Y,10,28,0,2.02E+13,Y,0,5,Y,A2100044,2
현대병원,031-574-0114,A2100037,0,0,0,0,0,0,0,Y,0,Y,0,0,Y,N,0,0,Y,8,21,2,2.02E+13,Y,0,6,Y,A2100037,3
양주예쓰병원,031-839-1119,A2100134,0,0,0,0,0,0,0,Y,0,0,0,0,Y,N,0,0,Y,10,86,0,2.02E+13,Y,0,2,Y,A2100134,4
의료법인일심의료재단우리병원,031-542-0222,A2100036,0,0,0,0,0,0,0,Y,0,0,0,0,Y,N,0,0,Y,11,69,9,2.02E+13,Y,0,4,Y,A2100036,1
경기도의료원포천병원,031-539-9119,A2100031,0,0,Y,0,0,0,0,Y,0,0,0,0,Y,N,0,0,Y,20,124,10,2.02E+13,Y,0,4,Y,A2100031,2
의료법인 성심의료재단 양구성심병원,033-480-8816,A2200037,0,0,0,0,0,0,0,Y,0,0,0,0,Y,N,0,0,Y,5,25,0,2.02E+13,N1,0,0,Y,A2200037,1
강원도영월의료원,033-370-9129,A2200002,0,0,0,0,0,0,0,Y,0,0,0,0,Y,N,0,0,Y,9,54,3,2.02E+13,Y,0,1,Y,A2200002,1
근로복지공단정선병원,033-560-7150,A2200048,0,0,0,0,0,0,0,Y,0,0,0,0,Y,N,0,0,Y,5,35,0,2.02E+13,N1,0,0,Y,A2200048,1
철원병원,033-450-3300,A2201730,0,0,0,0,0,0,0,Y,0,0,0,0,Y,N,0,0,Y,9,42,0,2.02E+13,Y,0,2,Y,A2201730,1
평창군보건의료원,033-330-4812,E2200026,0,0,0,0,0,0,0,Y,0,0,0,0,Y,N,0,0,Y,7,0,0,2.02E+13,N1,0,0,Y,E2200026,1
홍천아산병원,033-430-5119,A2200014,0,0,0,0,0,0,0,Y,0,0,0,0,Y,N,0,0,Y,10,35,2,2.02E+13,Y,0,2,Y,A2200014,1
화천군보건의료원,033-440-2880,E2200025,0,0,0,0,0,0,0,0,0,0,0,0,Y,N,0,0,N1,8,0,0,2.02E+13,N1,0,0,Y,E2200025,1
횡성대성병원,033-345-1191,A2200016,0,0,0,0,0,0,0,Y,0,0,0,0,Y,N,0,0,Y,10,15,0,2.02E+13,Y,0,0,Y,A2200016,1
의료법인강릉동인병원,033-650-6105,A2200005,0,0,0,0,1,0,0,Y,0,Y,0,0,Y,N,0,0,Y,16,73,0,2.02E+13,Y,0,5,Y,A2200005,1
강원도강릉의료원,033-610-1453,A2200011,0,0,0,0,0,0,0,Y,0,0,0,0,Y,N,0,0,Y,3,49,0,2.02E+13,Y,0,2,Y,A2200011,2
강릉아산병원,033-610-3333,A2200008,0,Y,Y,0,0,0,0,Y,0,Y,0,0,Y,N,0,0,Y,14,24,0,2.02E+13,Y,6,5,Y,A2200008,3
근로복지공단동해병원,033-530-3119,A2200038,0,0,0,0,0,0,0,Y,0,0,0,0,Y,N,0,0,Y,9,71,6,2.02E+13,Y,0,2,Y,A2200038,1
의료법인동해동인병원,033-530-0129,A2200003,0,0,0,0,0,0,0,Y,0,0,0,0,Y,N,0,0,Y,9,27,11,2.02E+13,Y,0,0,Y,A2200003,2
강원도속초의료원,033-630-6036,A2200012,0,0,0,0,0,0,0,Y,0,0,0,0,Y,N,0,0,Y,18,65,1,2.02E+13,Y,0,3,Y,A2200012,1
의료법인보광의료재단속초보광병원,033-639-8989,A2200046,0,0,0,0,0,0,0,Y,0,0,0,0,Y,N,0,0,Y,14,39,9,2.02E+13,Y,0,4,Y,A2200046,2
강원도원주의료원,033-760-4701,A2200015,0,0,0,0,0,0,0,Y,0,0,0,0,Y,N,0,0,Y,7,179,3,2.02E+13,Y,0,3,Y,A2200015,1
의료법인성지의료재단성지병원,033-760-3119,A2200024,0,0,0,0,0,0,0,Y,0,0,0,0,Y,N,0,0,Y,8,58,0,2.02E+13,Y,0,5,Y,A2200024,2
연세대학교 원주세브란스기독병원,033-741-0119,A2200001,0,Y,Y,0,1,3,0,Y,0,Y,0,3,Y,N,0,0,Y,14,63,0,2.02E+13,Y,16,12,Y,A2200001,3
강원대학교병원,033-258-2245,A2200009,0,Y,Y,0,0,0,0,Y,1,Y,0,0,Y,N,0,0,Y,12,152,0,2.02E+13,Y,12,10,Y,A2200009,1
한림대학교춘천성심병원,033-240-5219,A2200013,0,Y,Y,0,0,0,0,Y,0,Y,0,0,Y,N,0,0,Y,5,19,2,2.02E+13,Y,0,9,Y,A2200013,2
근로복지공단태백병원,033-580-3119,A2200004,0,0,0,0,0,0,0,Y,0,0,0,0,Y,N,0,0,Y,8,82,18,2.02E+13,Y,0,2,Y,A2200004,1
강원도삼척의료원,033-570-7431,A2200007,0,0,Y,0,0,0,0,Y,0,0,0,0,Y,N,0,0,Y,17,15,3,2.02E+13,Y,0,2,Y,A2200007,1
의료법인대광의료재단괴산성모병원,043-830-5411,A2300034,0,0,0,0,0,0,0,Y,0,0,0,0,Y,N,0,0,Y,10,41,0,2.02E+13,Y,0,1,Y,A2300034,1
의료법인조윤의료재단영동병원,043-740-9333,A2300030,0,0,Y,0,0,0,0,Y,0,0,0,0,Y,N,0,0,Y,9,33,0,2.02E+13,Y,0,2,Y,A2300030,1
의료법인힐링의료재단옥천성모병원,043-730-7119,A2300011,0,0,0,0,0,0,0,Y,0,0,0,0,Y,N,0,0,Y,10,50,0,2.02E+13,Y,0,2,Y,A2300011,1
의료법인태성의료재단금왕태성병원,043-881-8801,A2300015,0,0,0,0,0,0,0,Y,0,0,0,0,Y,N,0,0,Y,9,45,0,2.02E+13,Y,0,1,Y,A2300015,1
의료법인건명의료재단진천성모병원,043-537-9119,A2300013,0,0,0,0,0,0,0,Y,0,0,0,0,Y,N,0,0,Y,16,96,1,2.02E+13,Y,0,5,Y,A2300013,1
의료법인인화재단한국병원,043-222-6177,A2300007,0,0,Y,0,0,0,0,Y,0,Y,0,0,Y,N,0,0,Y,16,31,4,2.02E+13,Y,0,5,Y,A2300007,1
의료법인정산의료재단효성병원,043-222-8275,A2300003,0,0,N,0,0,0,0,Y,0,Y,0,0,Y,N,0,0,Y,18,111,12,2.02E+13,Y,0,4,Y,A2300003,2
의료법인한마음의료재단하나병원,043-230-6122,A2300002,0,0,0,0,0,0,0,Y,0,Y,0,0,Y,N,0,0,Y,9,45,3,2.02E+13,Y,0,7,Y,A2300002,1
재단법인베스티안재단베스티안병원,043-904-8925,A2302011,0,0,0,0,0,0,0,Y,0,0,0,0,Y,N,0,0,Y,7,154,6,2.02E+13,Y,0,4,Y,A2302011,2
청주성모병원,043-219-8119,A2300008,0,0,Y,0,1,5,0,Y,0,Y,0,0,Y,N,0,0,Y,12,118,0,2.02E+13,Y,0,8,Y,A2300008,1
충북대학교병원,043-269-6993,A2300001,0,Y,Y,0,0,0,0,Y,0,Y,0,4,Y,N,0,0,Y,15,54,5,2.02E+13,Y,5,11,Y,A2300001,1
충청북도청주의료원,NA,A2300006,0,0,Y,0,0,0,0,Y,0,Y,0,0,Y,N,0,0,Y,9,361,13,2.02E+13,Y,0,5,Y,A2300006,2
건국대학교의료원충주병원,043-840-8330,A2300010,0,Y,Y,0,0,0,0,Y,0,Y,0,0,Y,N,0,0,Y,18,48,6,2.02E+13,Y,0,6,Y,A2300010,1
충청북도충주의료원,043-871-9119,A2300004,0,0,0,0,0,0,0,Y,0,Y,0,0,Y,N,0,0,Y,9,155,6,2.02E+13,Y,0,4,Y,A2300004,2
의료법인명지의료재단명지병원,043-640-8117,A2300009,0,0,0,0,0,0,0,Y,0,Y,0,0,Y,N,0,0,Y,9,16,2,2.02E+13,Y,0,3,Y,A2300009,1
의료법인자산의료재단제천서울병원,043-643-2327,A2300005,0,0,0,0,0,0,0,Y,0,0,0,0,Y,N,0,0,Y,14,2,0,2.02E+13,Y,0,2,Y,A2300005,2
당진종합병원,070-7332-8248,A2400008,0,0,0,0,0,0,0,Y,0,0,0,0,Y,N,0,0,Y,17,101,3,2.02E+13,Y,0,4,Y,A2400008,1
학교법인건양학원건양대학교부여병원,041-837-1201,A2400038,0,0,0,0,0,0,0,Y,0,0,0,0,Y,N,0,0,Y,10,12,0,2.02E+13,N1,0,1,Y,A2400038,1
의료법인서해병원,041-950-0219,A2400044,0,0,0,0,0,0,0,Y,0,0,0,0,Y,N,0,0,Y,6,44,0,2.02E+13,N1,0,0,Y,A2400044,1
청양군보건의료원,041-940-4951,E2400032,0,0,0,0,0,0,0,0,0,0,0,0,Y,N,0,0,N1,6,0,0,2.02E+13,N1,0,1,Y,E2400032,1
충청남도홍성의료원,041-630-6119,A2400007,0,0,0,0,0,0,0,Y,0,Y,0,0,Y,N,0,0,Y,18,379,4,2.02E+13,Y,0,4,Y,A2400007,1
태안군보건의료원,041-671-5319,E2400033,0,0,0,0,0,0,0,Y,0,0,0,0,Y,N,0,0,Y,10,0,0,2.02E+13,N1,0,0,Y,E2400033,1
의료법인영서의료재단천안충무병원,041-570-7519,A2400012,0,0,0,0,0,0,0,Y,0,Y,0,0,Y,N,0,0,Y,9,64,1,2.02E+13,Y,0,4,Y,A2400012,1
단국대학교의과대학부속병원,041-550-6840,A2400002,0,Y,Y,0,0,1,0,Y,1,Y,0,2,Y,N,0,0,Y,10,35,0,2.02E+13,Y,1,12,Y,A2400002,1
학교법인동은학원순천향대학교부속천안병원,041-570-2299,A2400001,0,Y,Y,0,-1,2,0,Y,0,Y,0,0,Y,N,0,0,Y,10,63,0,2.02E+13,Y,-6,12,Y,A2400001,2
충청남도천안의료원,NA,A2400005,0,0,0,0,0,0,0,Y,0,0,0,0,Y,N,0,0,Y,12,250,0,2.02E+13,Y,0,4,Y,A2400005,3
충청남도공주의료원,041-962-1365,A2400010,0,0,0,0,0,0,0,Y,0,0,0,0,Y,N,0,0,Y,11,175,1,2.02E+13,Y,0,6,Y,A2400010,1
재단법인아산사회복지재단보령아산병원,041-930-5333,A2400011,0,0,0,0,0,0,0,Y,0,0,0,0,Y,N,0,0,Y,10,49,0,2.02E+13,Y,0,2,Y,A2400011,1
아산충무병원,041-536-6519,A2402257,0,0,0,0,0,0,0,Y,0,Y,0,0,Y,N,0,0,Y,9,117,7,2.02E+13,Y,0,3,Y,A2402257,1
서산중앙병원,041-661-1195,A2400003,0,0,0,0,0,0,0,Y,0,0,0,0,Y,N,0,0,Y,12,28,4,2.02E+13,Y,0,3,Y,A2400003,1
충청남도서산의료원,041-689-7119,A2400006,0,0,0,0,0,0,0,Y,0,0,0,0,Y,N,0,0,Y,12,36,1,2.02E+13,Y,0,3,Y,A2400006,2
의료법인백제병원,041-730-8882,A2400009,0,0,0,0,0,0,0,Y,0,Y,0,0,Y,N,0,0,Y,19,118,0,2.02E+13,Y,0,4,Y,A2400009,1
의료법인석천재단고창병원,063-560-5558,A2500009,0,0,0,0,0,0,0,Y,0,0,0,0,Y,N,0,0,Y,10,108,0,2.02E+13,Y,0,2,Y,A2500009,1
무주군보건의료원,063-320-8315,E2500019,0,0,0,0,0,0,0,Y,0,0,0,0,Y,N,0,0,Y,5,0,0,2.02E+13,N1,0,0,Y,E2500019,1
의료법인혜성병원,063-583-5001,A2500018,0,0,0,0,0,0,0,Y,0,0,0,0,Y,N,0,0,Y,12,54,0,2.02E+13,Y,0,1,Y,A2500018,1
부안성모병원,063-580-8119,A2500010,0,0,0,0,0,0,0,Y,0,0,0,0,Y,N,0,0,Y,11,50,2,2.02E+13,Y,0,3,Y,A2500010,2
순창군보건의료원,063-650-5352,E2500021,0,0,0,0,0,0,0,Y,0,0,0,0,Y,N,0,0,Y,8,0,0,2.02E+13,N1,0,0,Y,E2500021,1
임실군보건의료원,063-640-3119,E2500022,0,0,0,0,0,0,0,0,0,0,0,0,Y,N,0,0,N1,5,0,0,2.02E+13,N1,0,0,Y,E2500022,1
장수군보건의료원,063-350-2119,E2500020,0,0,0,0,0,0,0,0,0,0,0,0,Y,N,0,0,N1,5,0,0,2.02E+13,N1,0,0,Y,E2500020,1
진안군의료원,063-430-7119,A2502031,0,0,0,0,0,0,0,Y,0,0,0,0,Y,N,0,0,Y,6,53,0,2.02E+13,N1,0,2,Y,A2502031,1
전라북도군산의료원,063-472-5130,A2500007,0,0,Y,0,0,0,0,Y,0,0,0,0,Y,N,0,0,Y,14,169,15,2.02E+13,Y,0,6,Y,A2500007,1
의료법인오성의료재단동군산병원,063-440-0515,A2500012,0,0,0,0,0,0,0,Y,0,Y,0,0,Y,N,0,0,Y,17,60,8,2.02E+13,Y,0,6,Y,A2500012,2
전라북도 남원의료원,063-620-1119,A2500004,0,0,Y,0,0,0,0,Y,0,0,0,0,Y,N,0,0,Y,17,128,0,2.02E+13,Y,0,3,Y,A2500004,1
원광대학교병원,063-859-1165,A2500001,0,Y,Y,0,0,2,0,Y,0,Y,0,4,Y,N,0,0,Y,-14,44,0,2.02E+13,Y,4,2,Y,A2500001,1
의료법인대산의료재단익산병원,063-840-9112,A2500011,0,0,0,0,0,0,0,Y,0,0,0,0,Y,N,0,0,Y,15,24,8,2.02E+13,Y,0,5,Y,A2500011,2
재단법인예수병원유지재단예수병원,063-230-8280,A2500006,0,Y,Y,0,0,0,0,Y,1,Y,0,0,Y,N,0,0,Y,33,90,1,2.02E+13,Y,10,11,Y,A2500006,1
의료법인영경의료재단전주병원,063-226-6119,A2500005,0,0,0,0,0,0,0,Y,0,0,0,0,Y,N,0,0,Y,9,14,4,2.02E+13,Y,0,3,Y,A2500005,2
전북대학교병원,063-250-1131,A2500002,0,Y,Y,0,3,0,0,Y,1,Y,0,0,Y,N,0,0,Y,19,207,0,2.02E+13,Y,12,22,Y,A2500002,1
대자인병원,063-250-8701,A2500056,0,0,0,0,1,0,0,Y,0,Y,0,0,Y,N,0,0,Y,10,61,9,2.02E+13,Y,0,6,Y,A2500056,2
의료법인영경의료재단호성전주병원,063-240-8862,A2501890,0,0,0,0,0,0,0,Y,0,0,0,0,Y,N,0,0,Y,10,30,0,2.02E+13,Y,0,2,Y,A2501890,3
재단법인 아산사회복지재단 정읍아산병원,063-530-6129,A2500008,0,0,0,0,0,0,0,Y,0,0,0,0,Y,N,0,0,Y,19,36,1,2.02E+13,Y,0,3,Y,A2500008,1
전라남도강진의료원,061-430-1109,A2600050,0,0,Y,0,0,0,0,Y,0,0,0,0,Y,N,0,0,Y,7,104,0,2.02E+13,Y,0,3,Y,A2600050,1
의료법인영성의료재단고흥종합병원,061-830-3118,A2600018,0,0,Y,0,0,0,0,Y,0,0,0,0,Y,N,0,0,Y,10,150,5,2.02E+13,Y,0,3,Y,A2600018,1
의료법인장호의료재단녹동현대병원,061-840-1119,A2600068,0,0,0,0,0,0,0,Y,0,0,0,0,Y,N,0,0,Y,5,24,0,2.02E+13,Y,0,2,Y,A2600068,2
곡성사랑병원,061-360-6009,A2600029,0,0,0,0,0,0,0,Y,0,0,0,0,Y,N,0,0,Y,7,10,0,2.02E+13,N1,0,1,Y,A2600029,1
구례병원,061-783-9119,A2600061,0,0,0,0,0,0,0,Y,0,0,0,0,Y,N,0,0,Y,10,43,0,2.02E+13,N1,0,1,Y,A2600061,1
담양사랑병원,061-380-9119,A2600054,0,0,0,0,0,0,0,Y,0,0,0,0,Y,N,0,0,Y,6,40,0,2.02E+13,N1,0,2,Y,A2600054,1
대송의료재단무안병원,061-450-3119,A2600003,0,0,0,0,0,0,0,Y,0,0,0,0,Y,N,0,0,Y,5,89,5,2.02E+13,N,0,2,Y,A2600003,1
보성아산병원,061-850-3119,A2600052,0,0,0,0,0,0,0,Y,0,0,0,0,Y,N,0,0,Y,9,43,0,2.02E+13,N1,0,2,Y,A2600052,1
의료법인삼호의료재단벌교삼호병원,061-859-5119,A2600066,0,0,0,0,0,0,0,Y,0,0,0,0,Y,N,0,0,Y,8,71,0,2.02E+13,N1,0,1,Y,A2600066,2
의료법인신안대우병원,061-262-3309,A2600051,0,0,0,0,0,0,0,Y,0,0,0,0,Y,N,0,0,Y,5,23,0,2.02E+13,N1,0,0,Y,A2600051,1
의료법인 거명의료재단 영광기독병원,061-350-3080,A2600034,0,0,0,0,0,0,0,Y,0,0,0,0,Y,N,0,0,Y,10,79,0,2.02E+13,Y,0,2,Y,A2600034,1
영광종합병원,061-350-8129,A2600015,0,0,Y,0,0,0,0,Y,0,0,0,0,Y,N,0,0,Y,9,27,1,2.02E+13,Y,0,3,Y,A2600015,2
완도대성병원,061-554-9500,A2600032,0,0,0,0,0,0,0,Y,0,0,0,0,Y,N,0,0,Y,3,72,0,2.02E+13,N1,0,1,Y,A2600032,1
의료법인행복나눔의료재단 장성병원,061-390-9119,A2600035,0,0,0,0,0,0,0,Y,0,0,0,0,Y,N,0,0,Y,5,24,0,2.02E+13,N1,0,1,Y,A2600035,1
의료법인 우범의료재단 장흥종합병원,061-860-1119,A2600021,0,0,0,0,0,0,0,Y,0,0,0,0,Y,N,0,0,Y,10,26,0,2.02E+13,Y,0,2,Y,A2600021,1
장흥우리병원,061-860-0119,A2600037,0,0,0,0,0,0,0,Y,0,0,0,0,Y,N,0,0,Y,7,53,0,2.02E+13,N1,0,2,Y,A2600037,2
진도한국병원,061-542-7575,A2600040,0,0,0,0,0,0,0,Y,0,0,0,0,Y,N,0,0,Y,5,39,0,2.02E+13,N1,0,1,Y,A2600040,1
해남우리종합병원,061-530-7119,A2600077,0,0,0,0,0,0,0,Y,0,0,0,0,Y,N,0,0,Y,14,39,9,2.02E+13,Y,0,2,Y,A2600077,1
의료법인행촌의료재단해남종합병원,061-530-0119,A2600009,0,0,0,0,0,0,0,Y,0,0,0,0,Y,N,0,0,Y,8,116,5,2.02E+13,Y,0,3,Y,A2600009,2
화순전남대학교병원,061-379-8882,A2600001,0,Y,Y,0,4,6,0,Y,0,Y,0,0,Y,N,0,0,Y,13,17,0,2.02E+13,Y,1,13,Y,A2600001,1
화순고려병원,061-370-3778,A2600048,0,0,0,0,0,0,0,Y,0,0,0,0,Y,N,0,0,Y,7,14,0,2.02E+13,Y,0,1,Y,A2600048,2
나주종합병원,061-330-6112,A2600016,0,0,0,0,0,0,0,Y,0,0,0,0,Y,N,0,0,Y,4,22,0,2.02E+13,Y,0,2,Y,A2600016,1
전남중앙병원,061-260-3119,A2600053,0,0,0,0,0,0,0,Y,0,0,0,0,Y,N,0,0,Y,9,66,0,2.02E+13,Y,0,3,Y,A2600053,1
의료법인해민의료재단 세안종합병원,061-260-6666,A2600007,0,0,0,0,0,0,0,Y,0,0,0,0,Y,N,0,0,Y,9,50,7,2.02E+13,Y,0,2,Y,A2600007,2
목포기독병원,061-280-7119,A2600020,0,0,0,0,0,0,0,Y,0,0,0,0,Y,N,0,0,Y,14,91,6,2.02E+13,Y,0,4,Y,A2600020,3
목포한국병원,061-270-5666,A2600011,0,Y,Y,0,0,0,0,Y,0,Y,0,0,Y,N,0,0,Y,13,59,0,2.02E+13,Y,0,5,Y,A2600011,4
의료법인목포구암의료재단 목포중앙병원,061-280-3119,A2600017,0,0,0,0,0,0,0,Y,0,Y,0,0,Y,N,0,0,Y,17,128,2,2.02E+13,Y,0,6,Y,A2600017,5
목포시의료원,061-260-6400,A2600022,0,0,0,0,0,0,0,Y,0,0,0,0,Y,N,0,0,Y,10,44,0,2.02E+13,Y,0,2,Y,A2600022,6
순천제일병원,061-720-3800,A2600008,0,0,0,0,0,0,0,Y,0,0,0,0,Y,N,0,0,Y,10,33,0,2.02E+13,Y,0,2,Y,A2600008,1
전라남도순천의료원,061-759-9119,A2600056,0,0,0,0,0,0,0,Y,0,0,0,0,Y,N,0,0,Y,10,85,6,2.02E+13,Y,0,3,Y,A2600056,2
성가롤로병원,061-720-6119,A2600019,0,N,Y,0,2,7,0,Y,0,Y,0,0,Y,N,0,0,Y,3,97,0,2.02E+13,Y,0,9,Y,A2600019,3
의료법인한국의료재단한국병원,061-740-5119,A2600005,0,0,0,0,0,0,0,Y,0,0,0,0,Y,N,0,0,Y,8,61,8,2.02E+13,Y,0,3,Y,A2600005,4
근로복지공단 순천병원,061-720-7539,A2600012,0,0,0,0,0,0,0,Y,0,0,0,0,Y,N,0,0,Y,5,84,2,2.02E+13,Y,0,3,Y,A2600012,5
여천전남병원,061-690-6118,A2600014,0,0,0,0,0,0,0,Y,0,Y,0,0,Y,N,0,0,Y,17,70,5,2.02E+13,Y,0,5,Y,A2600014,1
의료법인한마음의료재단여수제일병원,061-689-8119,A2600027,0,0,Y,0,0,0,0,Y,0,0,0,0,Y,N,0,0,Y,7,136,0,2.02E+13,Y,0,2,Y,A2600027,2
여수전남병원,061-640-7119,A2600010,0,0,0,0,0,0,0,Y,0,0,0,0,Y,N,0,0,Y,9,43,5,2.02E+13,Y,0,4,Y,A2600010,3
광양사랑병원,061-797-7119,A2600006,0,0,0,0,0,0,0,Y,0,0,0,0,Y,N,0,0,Y,6,78,7,2.02E+13,Y,0,0,Y,A2600006,1
의료법인고령영생병원,070-7475-0024,A2700070,0,0,0,0,0,0,0,Y,0,0,0,0,Y,N,0,0,Y,7,36,0,2.02E+13,N1,0,1,Y,A2700070,1
의료법인석촌의료재단성주무강병원,054-932-1909,A2700030,0,0,0,0,0,0,0,Y,0,0,0,0,Y,N,0,0,Y,6,30,0,2.02E+13,N1,0,1,Y,A2700030,1
예천권병원,054-653-8912,A2700023,0,0,Y,0,0,0,0,Y,0,0,0,0,Y,N,0,0,Y,10,61,0,2.02E+13,Y,0,2,Y,A2700023,1
울릉군보건의료원,054-790-6911,E2700553,0,0,0,0,0,0,0,Y,0,0,0,0,Y,N,0,0,Y,5,0,0,2.02E+13,N1,0,1,Y,E2700553,1
울진군의료원,054-785-7119,A2700052,0,0,0,0,0,0,0,Y,0,0,0,0,Y,N,0,0,Y,10,42,0,2.02E+13,Y,0,3,Y,A2700052,1
의료법인영제의료재단 영남제일병원,054-861-9111,A2700063,0,0,0,0,0,0,0,Y,0,0,0,0,Y,N,0,0,Y,2,27,0,2.02E+13,N1,0,1,Y,A2700063,1
의료법인대남의료재단청도대남병원,NA,A2700038,0,0,0,0,0,0,0,Y,0,0,0,0,Y,N,0,0,Y,10,105,0,2.02E+13,Y,0,1,Y,A2700038,1
청송군보건의료원,054-870-7119,E2700554,0,0,0,0,0,0,0,0,0,0,0,0,Y,N,0,0,N1,5,0,0,2.02E+13,N1,0,0,Y,E2700554,1
동국대학교의과대학경주병원,054-776-8306,A2700003,0,Y,Y,0,0,0,0,Y,0,Y,0,0,Y,N,0,0,Y,7,53,0,2.02E+13,Y,0,5,Y,A2700003,1
순천향대학교부속구미병원,054-468-9119,A2700013,0,0,0,0,0,0,0,Y,0,Y,0,0,Y,N,0,0,Y,11,85,3,2.02E+13,Y,0,6,Y,A2700013,1
차의과학대학교부속구미차병원,054-450-9997,A2700007,0,Y,Y,0,0,0,0,Y,0,Y,0,0,Y,N,0,0,Y,14,19,2,2.02E+13,Y,6,5,Y,A2700007,2
구미강동병원,054-478-9521,A2700015,0,0,0,0,0,0,0,Y,0,Y,0,0,Y,N,0,0,Y,10,73,3,2.02E+13,Y,0,5,Y,A2700015,3
경상북도김천의료원,054-429-8234,A2700018,0,0,0,0,0,0,0,Y,0,0,0,0,Y,N,0,0,Y,9,117,0,2.02E+13,Y,0,4,Y,A2700018,1
의료법인덕산의료재단김천제일병원,054-420-9500,A2700012,0,0,0,0,0,0,0,Y,0,Y,0,0,Y,N,0,0,Y,16,61,6,2.02E+13,Y,0,4,Y,A2700012,2
안동성소병원,054-850-8282,A2700004,0,0,Y,0,0,0,0,Y,0,Y,0,0,Y,N,0,0,Y,17,162,3,2.02E+13,Y,0,6,Y,A2700004,1
의료법인안동병원,054-840-0119,A2700014,0,Y,Y,0,0,0,0,Y,0,Y,0,6,Y,N,0,0,Y,12,188,0,2.02E+13,Y,10,11,Y,A2700014,2
경상북도안동의료원,NA,A2700001,0,0,0,0,0,0,0,Y,0,0,0,0,Y,N,0,0,Y,5,214,15,2.02E+13,Y,0,3,Y,A2700001,3
영주기독병원,054-635-3050,A2700031,0,0,Y,0,0,0,0,Y,0,0,0,0,Y,N,0,0,Y,4,8,0,2.02E+13,N1,0,1,Y,A2700031,1
영주적십자병원,054-630-0112,A2702752,0,0,0,0,0,0,0,Y,0,0,0,0,Y,N,0,0,Y,4,121,8,2.02E+13,Y,0,2,Y,A2702752,2
영남대학교의과대학부속영천병원,054-330-7575,A2700017,0,0,0,0,0,0,0,Y,0,0,0,0,Y,N,0,0,Y,8,39,2,2.02E+13,Y,0,4,Y,A2700017,1
포항성모병원,054-272-0151,A2700016,0,Y,Y,0,0,0,0,Y,0,Y,0,0,Y,N,0,0,Y,11,95,1,2.02E+13,Y,0,9,Y,A2700016,1
포항세명기독병원,054-289-1711,A2700002,0,0,0,0,0,0,0,Y,0,Y,0,0,Y,N,0,0,Y,9,69,9,2.02E+13,Y,0,14,Y,A2700002,2
에스포항병원,054-289-9120,A2700008,0,0,0,0,0,0,0,Y,0,Y,0,0,Y,N,0,0,Y,6,1,3,2.02E+13,Y,0,4,Y,A2700008,3
의료법인은성의료재단좋은선린병원,054-245-5200,A2702563,0,0,0,0,0,0,0,Y,0,Y,0,0,Y,N,0,0,Y,18,99,1,2.02E+13,Y,0,3,Y,A2702563,1
경상북도포항의료원,054-245-0129,A2700005,0,0,0,0,0,0,0,Y,0,0,0,0,Y,N,0,0,Y,10,163,10,2.02E+13,Y,0,3,Y,A2700005,2
의료법인동춘의료재단문경제일병원,054-550-7777,A2700006,0,0,0,0,0,0,0,Y,0,0,0,0,Y,N,0,0,Y,17,57,1,2.02E+13,Y,0,2,Y,A2700006,1
의료법인서일의료재단문경중앙병원,054-554-3119,A2700067,0,0,0,0,0,0,0,Y,0,0,0,0,Y,N,0,0,Y,5,35,0,2.02E+13,N1,0,1,Y,A2700067,2
의료법인삼백의료재단상주성모병원,054-530-7811,A2700009,0,0,0,0,0,0,0,Y,0,0,0,0,Y,N,0,0,Y,10,39,3,2.02E+13,Y,0,3,Y,A2700009,1
상주적십자병원,054-530-3171,A2700011,0,0,0,0,0,0,0,Y,0,0,0,0,Y,N,0,0,Y,9,119,5,2.02E+13,Y,0,2,Y,A2700011,2
의)근원의료재단경산중앙병원,053-715-0119,A2700019,0,0,0,0,0,0,0,Y,0,0,0,0,Y,N,0,0,Y,12,123,7,2.02E+13,Y,0,4,Y,A2700019,1
의료법인서명의료재단세명병원,053-819-8500,A2700036,0,0,0,0,0,0,0,Y,0,0,0,0,Y,N,0,0,Y,10,81,6,2.02E+13,Y,0,5,Y,A2700036,2
의료법인이도의료재단남해병원,055-860-6630,A2800094,0,0,0,0,0,0,0,Y,0,0,0,0,Y,N,0,0,Y,9,67,0,2.02E+13,Y,0,2,Y,A2800094,1
의령병원,055-573-6806,A2800090,0,0,0,0,0,0,0,Y,0,0,0,0,Y,N,0,0,Y,5,32,0,2.02E+13,N1,0,0,Y,A2800090,1
태황의료재단한성병원,055-530-5119,A2800062,0,0,0,0,0,0,0,Y,0,0,0,0,Y,N,0,0,Y,10,29,0,2.02E+13,Y,0,2,Y,A2800062,1
함양성심병원,055-964-4322,A2800080,0,0,0,0,0,0,0,Y,0,0,0,0,Y,N,0,0,Y,5,20,0,2.02E+13,N1,0,1,Y,A2800080,1
삼성합천병원,070-5125-5030,A2800055,0,0,0,0,0,0,0,Y,0,0,0,0,Y,N,0,0,Y,5,6,0,2.02E+13,Y,0,2,Y,A2800055,1
강일병원,055-822-0119,A2803677,0,0,0,0,0,0,0,Y,0,Y,0,0,Y,N,0,0,Y,5,13,0,2.02E+13,Y,0,3,Y,A2803677,1
의료법인환명의료재단조은금강병원,055-330-0200,A2800010,0,0,0,0,0,0,0,Y,0,Y,0,0,Y,N,0,0,Y,8,54,7,2.02E+13,Y,0,0,Y,A2800010,2
의료법인보원의료재단경희의료원교육협력중앙병원,055-330-6117,A2800016,0,0,0,0,0,0,0,Y,0,Y,0,0,Y,N,0,0,Y,15,94,15,2.02E+13,Y,0,9,Y,A2800016,3
의료법인갑을의료재단갑을장유병원,055-310-6119,A2800014,0,0,0,0,0,0,0,N,0,0,0,0,Y,N,0,0,N,18,45,0,2.02E+13,Y,0,4,Y,A2800014,4
의료법인숭인의료재단김해복음병원,055-330-8844,A2800006,0,0,0,0,0,0,0,Y,0,0,0,0,Y,N,0,0,Y,5,28,0,2.02E+13,Y,0,3,Y,A2800006,5
의료법인승연의료재단 삼천포서울병원,055-830-9019,A2800068,0,0,0,0,0,0,0,Y,0,0,0,0,Y,N,0,0,Y,9,17,0,2.02E+13,Y,0,2,Y,A2800068,1
삼천포제일병원,055-830-3099,A2800101,0,0,0,0,0,0,0,Y,0,0,0,0,Y,N,0,0,Y,9,115,0,2.02E+13,Y,0,2,Y,A2800101,2
경상대학교병원,055-750-8282,A2800001,0,Y,Y,0,2,0,0,Y,0,Y,0,0,Y,N,0,0,Y,22,131,0,2.02E+13,Y,12,13,Y,A2800001,1
반도병원,055-749-0200,A2800084,0,0,0,0,0,0,0,Y,0,0,0,0,Y,N,0,0,Y,7,50,0,2.02E+13,Y,0,2,Y,A2800084,2
진주고려병원,055-751-2525,A2800015,0,0,0,0,0,0,0,Y,0,Y,0,0,Y,N,0,0,Y,8,85,4,2.02E+13,Y,0,3,Y,A2800015,3
한일병원,055-750-1333,A2800043,0,0,0,0,0,0,0,Y,0,Y,0,0,Y,N,0,0,Y,6,15,0,2.02E+13,Y,0,2,Y,A2800043,4
진주복음병원,055-749-7119,A2800037,0,0,0,0,0,0,0,Y,0,0,0,0,Y,N,0,0,Y,8,36,0,2.02E+13,N,0,3,N,A2800037,5
제일병원,055-750-7119,A2800003,0,0,0,0,0,0,0,Y,0,Y,0,0,Y,N,0,0,Y,18,46,1,2.02E+13,Y,0,4,Y,A2800003,6
의료법인청아의료재단청아병원,055-230-1700,A2800009,0,0,0,0,0,0,0,Y,0,0,0,0,Y,N,0,0,Y,9,75,0,2.02E+13,Y,0,3,Y,A2800009,1
학교법인성균관대학삼성창원병원,055-233-6119,A2800020,0,Y,Y,0,1,2,0,Y,0,Y,0,0,Y,N,0,0,Y,13,62,0,2.02E+13,Y,10,15,Y,A2800020,2
경상남도마산의료원,055-249-1119,A2800025,0,0,N,0,0,0,0,Y,0,0,0,0,Y,N,0,0,Y,13,268,6,2.02E+13,Y,0,5,Y,A2800025,1
의료법인합포의료재단에스엠지연세병원,055-240-7777,A2800017,0,0,0,0,0,0,0,Y,0,Y,0,0,Y,N,0,0,Y,8,89,7,2.02E+13,Y,0,4,Y,A2800017,2
연세에스병원,055-548-7789,A2800021,0,0,0,0,0,0,0,Y,0,Y,0,0,Y,N,0,0,Y,8,101,3,2.02E+13,Y,0,3,Y,A2800021,1
재단법인대구포교성베네딕도수녀회창원파티마병원,055-270-1119,A2800004,0,Y,Y,0,6,0,0,Y,0,Y,0,0,Y,N,0,0,Y,8,81,0,2.02E+13,Y,2,7,Y,A2800004,1
창원경상대학교병원,055-214-1339,A2803505,0,Y,Y,0,0,0,0,Y,0,Y,0,0,Y,N,0,0,Y,22,131,7,2.02E+13,Y,7,14,Y,A2803505,1
의료법인한마음국제의료재단한마음창원병원,055-268-7333,A2800007,0,0,Y,0,0,0,0,Y,0,Y,0,0,Y,N,0,0,Y,18,81,5,2.02E+13,Y,0,5,Y,A2800007,2
근로복지공단 창원병원,055-280-0400,A2800012,0,0,0,0,0,0,0,Y,0,0,0,0,Y,N,0,0,Y,4,155,5,2.02E+13,Y,0,3,Y,A2800012,3
새통영병원,055-640-4119,A2800092,0,0,0,0,0,0,0,Y,0,0,0,0,Y,N,0,0,Y,10,64,0,2.02E+13,N,0,3,Y,A2800092,1
의료법인생명사랑의료재단밀양윤병원,070-5130-3823,A2800057,0,0,0,0,0,0,0,Y,0,Y,0,0,Y,N,0,0,Y,7,58,0,2.02E+13,Y,0,2,Y,A2800057,1
의료법인거붕백병원,055-733-0180,A2800008,0,0,0,0,0,0,0,Y,0,0,0,0,Y,N,0,0,Y,3,29,2,2.02E+13,Y,0,4,Y,A2800008,1
의료법인대우의료재단대우병원,055-680-8119,A2800005,0,0,0,0,0,0,0,Y,0,0,0,0,Y,N,0,0,Y,8,65,3,2.02E+13,Y,0,4,Y,A2800005,2
의료법인성념의료재단맑은샘병원,055-736-0119,A2800022,0,0,0,0,0,0,0,Y,0,0,0,0,Y,N,0,0,Y,8,18,0,2.02E+13,Y,0,2,Y,A2800022,3
양산부산대학교병원,055-360-1467,A2800011,0,Y,Y,0,2,6,0,Y,0,Y,0,0,Y,N,0,2,Y,10,161,0,2.02E+13,Y,12,22,Y,A2800011,1
웅상중앙병원,055-912-0119,A2803301,0,0,0,0,0,0,0,Y,0,Y,0,0,Y,N,0,0,Y,10,111,7,2.02E+13,Y,0,4,Y,A2803301,2
베데스다병원,055-781-9911,A2800019,0,0,0,0,0,0,0,Y,0,0,0,0,Y,N,0,0,Y,10,92,0,2.02E+13,Y,0,4,Y,A2800019,3
제주특별자치도 서귀포의료원,064-730-3001,A2900002,0,0,Y,0,0,0,0,Y,0,Y,0,0,Y,N,0,0,Y,18,125,7,2.02E+13,Y,0,3,Y,A2900002,1
제주한라병원,064-740-5159,A2900001,0,Y,Y,0,0,0,0,Y,0,Y,0,8,Y,N,0,0,Y,9,44,0,2.02E+13,Y,1,5,Y,A2900001,1
한국병원,064-750-0119,A2900003,0,0,0,0,0,0,0,Y,0,0,0,0,Y,N,0,0,Y,8,53,6,2.02E+13,Y,0,2,Y,A2900003,2
제주대학교병원,064-717-1903,A2900007,0,Y,Y,0,1,0,0,Y,0,Y,0,0,Y,N,0,0,Y,12,97,0,2.02E+13,Y,11,12,Y,A2900007,3
한마음병원,064-750-9846,A2900005,0,0,0,0,0,0,0,Y,0,Y,0,0,Y,N,0,0,Y,8,37,7,2.02E+13,Y,0,4,Y,A2900005,4
의료법인 중앙의료재단 중앙병원,064-786-7119,A2900006,0,0,0,0,0,0,0,Y,0,Y,0,0,Y,N,0,0,Y,15,139,12,2.02E+13,Y,0,6,Y,A2900006,5
